sample-id,score,group
ERR1072630,0.7916,OTHER
ERR1072633,0.7986,OTHER
ERR1072638,0.7697,OTHER
ERR1072639,0.7466,OTHER
ERR1072646,0.6705,NORMAL
ERR1072647,0.7697,OTHER
ERR1072648,0.7496,OTHER
ERR1072659,0.7876,OTHER
ERR1072663,0.7533,OTHER
ERR1072667,0.6846,NORMAL
ERR1072673,0.7659,OTHER
ERR1072675,0.8661,OTHER
ERR1072677,0.6784,NORMAL
ERR1072712,0.928,DEVIANT
ERR1072713,0.9463,DEVIANT
ERR1072714,0.6971,NORMAL
ERR1072719,0.6441,NORMAL
ERR1072720,0.7383,OTHER
ERR1072721,0.8361,OTHER
ERR1072727,0.7893,OTHER
ERR1072740,0.7694,OTHER
ERR1072744,0.7233,NORMAL
ERR1072747,0.8506,OTHER
ERR1072748,0.8831,OTHER
ERR1072756,0.7083,NORMAL
ERR1072763,0.7409,OTHER
ERR1072764,0.6878,NORMAL
ERR1072766,0.6823,NORMAL
ERR1072770,0.7245,NORMAL
ERR1072774,0.6405,NORMAL
ERR1072791,0.8824,OTHER
ERR1072793,0.7246,NORMAL
ERR1072795,0.8178,OTHER
ERR1072797,0.7761,OTHER
ERR1072798,0.7321,OTHER
ERR1072809,0.7235,NORMAL
ERR1072811,0.6535,NORMAL
ERR1072841,0.7371,OTHER
ERR1072844,0.7794,OTHER
ERR1072848,0.8549,OTHER
ERR1072854,0.7181,NORMAL
ERR1072859,0.6419,NORMAL
ERR1072867,0.9386,DEVIANT
ERR1072868,0.7961,OTHER
ERR1072875,0.8693,OTHER
ERR1072887,0.6321,NORMAL
ERR1072889,0.7716,OTHER
ERR1072898,0.7277,OTHER
ERR1072899,0.7744,OTHER
ERR1072904,0.6677,NORMAL
ERR1072910,0.6347,NORMAL
ERR1072912,0.869,OTHER
ERR1072914,0.7596,OTHER
ERR1072929,0.6972,NORMAL
ERR1072941,0.809,OTHER
ERR1072942,0.7495,OTHER
ERR1072945,0.8296,OTHER
ERR1072948,0.7148,NORMAL
ERR1072954,0.8604,OTHER
ERR1072957,0.7499,OTHER
ERR1072968,0.6431,NORMAL
ERR1072971,0.7316,OTHER
ERR1072972,0.749,OTHER
ERR1072974,0.8184,OTHER
ERR1072985,0.7284,OTHER
ERR1072986,0.8881,OTHER
ERR1072992,0.7522,OTHER
ERR1072993,0.7673,OTHER
ERR1072998,0.7274,OTHER
ERR1073011,0.842,OTHER
ERR1073012,0.7679,OTHER
ERR1073013,0.8357,OTHER
ERR1073014,0.8174,OTHER
ERR1073015,0.6893,NORMAL
ERR1073026,0.8027,OTHER
ERR1073027,0.614,NORMAL
ERR1073029,0.7218,NORMAL
ERR1073030,0.8031,OTHER
ERR1073034,0.8539,OTHER
ERR1073039,0.7814,OTHER
ERR1073058,0.6188,NORMAL
ERR1073059,0.7602,OTHER
ERR1073062,0.6962,NORMAL
ERR1073066,0.6312,NORMAL
ERR1073068,0.7081,NORMAL
ERR1073074,0.734,OTHER
ERR1073086,0.8035,OTHER
ERR1073103,0.7819,OTHER
ERR1073117,0.7051,NORMAL
ERR1073119,0.7515,OTHER
ERR1073131,0.6446,NORMAL
ERR1073135,0.7759,OTHER
ERR1073136,0.5051,NORMAL
ERR1073144,0.7318,OTHER
ERR1073145,0.6438,NORMAL
ERR1073148,0.8621,OTHER
ERR1073158,0.8347,OTHER
ERR1073159,0.7793,OTHER
ERR1073162,0.7811,OTHER
ERR1073163,0.6967,NORMAL
ERR1073176,0.7472,OTHER
ERR1073183,0.7655,OTHER
ERR1073194,0.7256,NORMAL
ERR1073200,0.6492,NORMAL
ERR1073203,0.8444,OTHER
ERR1073204,0.6145,NORMAL
ERR1073221,0.6973,NORMAL
ERR1073224,0.6992,NORMAL
ERR1073228,0.8924,DEVIANT
ERR1073235,0.7055,NORMAL
ERR1073239,0.7084,NORMAL
ERR1073257,0.7059,NORMAL
ERR1073272,0.7062,NORMAL
ERR1073293,0.6948,NORMAL
ERR1073311,0.7779,OTHER
ERR1073320,0.7229,NORMAL
ERR1073324,0.7986,OTHER
ERR1073329,0.8147,OTHER
ERR1073348,0.6615,NORMAL
ERR1073350,0.7298,OTHER
ERR1073352,0.8444,OTHER
ERR1073362,0.6653,NORMAL
ERR1073368,0.7265,OTHER
ERR1073369,0.7827,OTHER
ERR1073375,0.8219,OTHER
ERR1073379,0.8352,OTHER
ERR1073389,0.69,NORMAL
ERR1073397,0.8382,OTHER
ERR1073398,0.671,NORMAL
ERR1073400,0.6537,NORMAL
ERR1073402,0.7305,OTHER
ERR1073444,0.5908,NORMAL
ERR1073450,0.5944,NORMAL
ERR1073451,0.853,OTHER
ERR1073456,0.7041,NORMAL
ERR1073460,0.6644,NORMAL
ERR1073461,0.6747,NORMAL
ERR1073464,0.7373,OTHER
ERR1073467,0.841,OTHER
ERR1073469,0.741,OTHER
ERR1073491,0.6777,NORMAL
ERR1073557,0.587,NORMAL
ERR1073642,0.7004,NORMAL
ERR1073650,0.8408,OTHER
ERR1073653,0.742,OTHER
ERR1073656,0.662,NORMAL
ERR1073657,0.7035,NORMAL
ERR1073659,0.7182,NORMAL
ERR1073663,0.7491,OTHER
ERR1073664,0.7955,OTHER
ERR1073670,0.7338,OTHER
ERR1073671,0.7941,OTHER
ERR1073673,0.7603,OTHER
ERR1073674,0.6644,NORMAL
ERR1073676,0.7992,OTHER
ERR1073677,0.7328,OTHER
ERR1073678,0.7465,OTHER
ERR1073679,0.6333,NORMAL
ERR1073691,0.7977,OTHER
ERR1073692,0.682,NORMAL
ERR1073693,0.9317,DEVIANT
ERR1073706,0.8026,OTHER
ERR1073713,0.7143,NORMAL
ERR1073714,0.5841,NORMAL
ERR1073720,0.7785,OTHER
ERR1073721,0.828,OTHER
ERR1073724,0.6945,NORMAL
ERR1073727,0.75,OTHER
ERR1073745,0.8134,OTHER
ERR1073760,0.6349,NORMAL
ERR1073768,0.8213,OTHER
ERR1073783,0.5529,NORMAL
ERR1073787,0.8791,OTHER
ERR1073798,0.5386,NORMAL
ERR1073800,0.7392,OTHER
ERR1073814,0.8655,OTHER
ERR1073825,0.8275,OTHER
ERR1073826,0.9233,DEVIANT
ERR1073839,0.7854,OTHER
ERR1073843,0.6008,NORMAL
ERR1073854,0.7749,OTHER
ERR1073860,0.634,NORMAL
ERR1073861,0.7009,NORMAL
ERR1073875,0.7069,NORMAL
ERR1073876,0.7801,OTHER
ERR1073900,0.7024,NORMAL
ERR1073903,0.8138,OTHER
ERR1073905,0.8332,OTHER
ERR1073915,0.713,NORMAL
ERR1073919,0.7214,NORMAL
ERR1073920,0.6335,NORMAL
ERR1073922,0.6893,NORMAL
ERR1073923,0.7474,OTHER
ERR1073930,0.6782,NORMAL
ERR1073941,0.7362,OTHER
ERR1073944,0.879,OTHER
ERR1073952,0.5374,NORMAL
ERR1073953,0.6597,NORMAL
ERR1073955,0.7168,NORMAL
ERR1073966,0.7311,OTHER
ERR1073969,0.8321,OTHER
ERR1073970,0.7331,OTHER
ERR1073974,0.6611,NORMAL
ERR1073976,0.8008,OTHER
ERR1073979,0.6935,NORMAL
ERR1073982,0.7127,NORMAL
ERR1073983,0.6849,NORMAL
ERR1073988,0.8219,OTHER
ERR1073993,0.7626,OTHER
ERR1073998,0.8361,OTHER
ERR1074003,0.7354,OTHER
ERR1074004,0.7885,OTHER
ERR1074016,0.7795,OTHER
ERR1074017,0.7371,OTHER
ERR1074021,0.8354,OTHER
ERR1074022,0.7461,OTHER
ERR1074023,0.6025,NORMAL
ERR1074036,0.7866,OTHER
ERR1074039,0.6728,NORMAL
ERR1074040,0.6933,NORMAL
ERR1074057,0.6967,NORMAL
ERR1074058,0.7416,OTHER
ERR1074060,0.6511,NORMAL
ERR1074074,0.8511,OTHER
ERR1074089,0.7003,NORMAL
ERR1074091,0.8632,OTHER
ERR1074095,0.6304,NORMAL
ERR1074169,0.7466,OTHER
ERR1074181,0.7838,OTHER
ERR1074195,0.8047,OTHER
ERR1074220,0.7339,OTHER
ERR1074289,0.8305,OTHER
ERR1074291,0.7135,NORMAL
ERR1074307,0.6226,NORMAL
ERR1074310,0.9542,DEVIANT
ERR1074312,0.7412,OTHER
ERR1074329,0.6721,NORMAL
ERR1074336,0.7434,OTHER
ERR1074374,0.8082,OTHER
ERR1074378,0.7471,OTHER
ERR1074385,0.6278,NORMAL
ERR1074394,0.7847,OTHER
ERR1074397,0.7122,NORMAL
ERR1074398,0.7134,NORMAL
ERR1074400,0.8045,OTHER
ERR1074417,0.7729,OTHER
ERR1074418,0.6063,NORMAL
ERR1074430,0.7292,OTHER
ERR1074436,0.6231,NORMAL
ERR1074437,0.7904,OTHER
ERR1074439,0.7749,OTHER
ERR1074441,0.7008,NORMAL
ERR1074453,0.6592,NORMAL
ERR1074463,0.8247,OTHER
ERR1074480,0.7077,NORMAL
ERR1074490,0.7149,NORMAL
ERR1074512,0.6937,NORMAL
ERR1074514,0.791,OTHER
ERR1074516,0.7973,OTHER
ERR1074526,0.6732,NORMAL
ERR1074538,0.9367,DEVIANT
ERR1074540,0.7881,OTHER
ERR1074543,0.7621,OTHER
ERR1074550,0.7901,OTHER
ERR1074551,0.6924,NORMAL
ERR1074565,0.7094,NORMAL
ERR1074568,0.6477,NORMAL
ERR1074572,0.7287,OTHER
ERR1074575,0.7849,OTHER
ERR1074579,0.6829,NORMAL
ERR1074586,0.7078,NORMAL
ERR1074591,0.7419,OTHER
ERR1074608,0.6731,NORMAL
ERR1074610,0.7031,NORMAL
ERR1074741,0.7387,OTHER
ERR1074744,0.6995,NORMAL
ERR1074751,0.723,NORMAL
ERR1074763,0.8112,OTHER
ERR1074770,0.6316,NORMAL
ERR1074774,0.7766,OTHER
ERR1074775,0.8293,OTHER
ERR1074782,0.6596,NORMAL
ERR1074785,0.851,OTHER
ERR1074786,0.8404,OTHER
ERR1074789,0.8628,OTHER
ERR1074806,0.7735,OTHER
ERR1074809,0.7852,OTHER
ERR1074810,0.8263,OTHER
ERR1074811,0.7232,NORMAL
ERR1074841,0.8433,OTHER
ERR1074842,0.7607,OTHER
ERR1074843,0.7093,NORMAL
ERR1074862,0.7459,OTHER
ERR1074883,0.6885,NORMAL
ERR1074888,0.6508,NORMAL
ERR1074892,0.6539,NORMAL
ERR1074894,0.6497,NORMAL
ERR1074900,0.7332,OTHER
ERR1074958,0.8427,OTHER
ERR1074962,0.8773,OTHER
ERR1074965,0.7281,OTHER
ERR1074972,0.5842,NORMAL
ERR1074973,0.6239,NORMAL
ERR1074984,0.7206,NORMAL
ERR1074986,0.6209,NORMAL
ERR1074992,0.8252,OTHER
ERR1074996,0.7556,OTHER
ERR1075001,0.9114,DEVIANT
ERR1075009,0.6697,NORMAL
ERR1075014,0.7428,OTHER
ERR1075017,0.6992,NORMAL
ERR1075019,0.662,NORMAL
ERR1075032,0.6466,NORMAL
ERR1075036,0.7545,OTHER
ERR1075040,0.7294,OTHER
ERR1075050,0.5833,NORMAL
ERR1075051,0.673,NORMAL
ERR1075052,0.6356,NORMAL
ERR1075054,0.6807,NORMAL
ERR1075057,0.681,NORMAL
ERR1075058,0.7246,NORMAL
ERR1075059,0.824,OTHER
ERR1075062,0.7846,OTHER
ERR1075063,0.6573,NORMAL
ERR1075065,0.705,NORMAL
ERR1075066,0.6517,NORMAL
ERR1075070,0.6558,NORMAL
ERR1075073,0.7349,OTHER
ERR1075074,0.7686,OTHER
ERR1075075,0.5392,NORMAL
ERR1075076,0.7471,OTHER
ERR1075080,0.9537,DEVIANT
ERR1075081,0.739,OTHER
ERR1075082,0.8329,OTHER
ERR1075083,0.7069,NORMAL
ERR1075086,0.9316,DEVIANT
ERR1075090,0.7066,NORMAL
ERR1075095,0.7324,OTHER
ERR1075105,0.7105,NORMAL
ERR1075107,0.6467,NORMAL
ERR1075111,0.5611,NORMAL
ERR1075114,0.8486,OTHER
ERR1075117,0.7061,NORMAL
ERR1075121,0.8501,OTHER
ERR1075123,0.8848,OTHER
ERR1075136,0.7988,OTHER
ERR1075137,0.7684,OTHER
ERR1075138,0.7207,NORMAL
ERR1075139,0.6808,NORMAL
ERR1075142,0.6677,NORMAL
ERR1075146,0.7258,OTHER
ERR1075147,0.6735,NORMAL
ERR1075152,0.688,NORMAL
ERR1075154,0.6355,NORMAL
ERR1075157,0.5137,NORMAL
ERR1075166,0.6034,NORMAL
ERR1075167,0.7301,OTHER
ERR1075168,0.7022,NORMAL
ERR1075172,0.6558,NORMAL
ERR1075173,0.814,OTHER
ERR1075177,0.7851,OTHER
ERR1075182,0.663,NORMAL
ERR1075183,0.9517,DEVIANT
ERR1075184,0.5903,NORMAL
ERR1075186,0.8556,OTHER
ERR1075188,0.7028,NORMAL
ERR1075192,0.8117,OTHER
ERR1075195,0.744,OTHER
ERR1075197,0.681,NORMAL
ERR1075203,0.66,NORMAL
ERR1075205,0.807,OTHER
ERR1075206,0.6323,NORMAL
ERR1075209,0.6679,NORMAL
ERR1075210,0.7146,NORMAL
ERR1075211,0.8864,OTHER
ERR1075214,0.779,OTHER
ERR1075217,0.7415,OTHER
ERR1075224,0.7165,NORMAL
ERR1075235,0.6905,NORMAL
ERR1075237,0.6589,NORMAL
ERR1075244,0.7666,OTHER
ERR1075248,0.7307,OTHER
ERR1075252,0.7372,OTHER
ERR1075253,0.6094,NORMAL
ERR1075257,0.6305,NORMAL
ERR1075258,0.6547,NORMAL
ERR1075266,0.7722,OTHER
ERR1075277,0.7109,NORMAL
ERR1075278,0.8061,OTHER
ERR1075279,0.6673,NORMAL
ERR1075280,0.6417,NORMAL
ERR1075282,0.8347,OTHER
ERR1075283,0.7346,OTHER
ERR1075285,0.7057,NORMAL
ERR1075293,0.8351,OTHER
ERR1075294,0.7216,NORMAL
ERR1075295,0.7479,OTHER
ERR1075297,0.7346,OTHER
ERR1075298,0.7566,OTHER
ERR1075301,0.7204,NORMAL
ERR1075303,0.8259,OTHER
ERR1075309,0.6941,NORMAL
ERR1075312,0.7692,OTHER
ERR1075316,0.7422,OTHER
ERR1075317,0.685,NORMAL
ERR1075318,0.7523,OTHER
ERR1075323,0.6247,NORMAL
ERR1075329,0.7357,OTHER
ERR1075330,0.7567,OTHER
ERR1075336,0.6861,NORMAL
ERR1075337,0.9339,DEVIANT
ERR1075340,0.7005,NORMAL
ERR1075342,0.7627,OTHER
ERR1075343,0.7928,OTHER
ERR1075346,0.8125,OTHER
ERR1075348,0.8065,OTHER
ERR1075350,0.7447,OTHER
ERR1075354,0.7677,OTHER
ERR1075357,0.6618,NORMAL
ERR1075359,0.6751,NORMAL
ERR1075360,0.7313,OTHER
ERR1075361,0.6875,NORMAL
ERR1075362,0.746,OTHER
ERR1075483,0.6412,NORMAL
ERR1075488,0.6973,NORMAL
ERR1075493,0.8308,OTHER
ERR1075499,0.8029,OTHER
ERR1075500,0.7862,OTHER
ERR1075501,0.713,NORMAL
ERR1075502,0.828,OTHER
ERR1075503,0.7312,OTHER
ERR1075504,0.6626,NORMAL
ERR1075513,0.8425,OTHER
ERR1075523,0.6706,NORMAL
ERR1075524,0.6633,NORMAL
ERR1075527,0.6386,NORMAL
ERR1075530,0.6327,NORMAL
ERR1075543,0.5988,NORMAL
ERR1075547,0.7519,OTHER
ERR1075553,0.8013,OTHER
ERR1075554,0.7105,NORMAL
ERR1075559,0.8279,OTHER
ERR1075599,0.6916,NORMAL
ERR1075603,0.6983,NORMAL
ERR1075615,0.8314,OTHER
ERR1075624,0.6915,NORMAL
ERR1075630,0.63,NORMAL
ERR1075633,0.7962,OTHER
ERR1075635,0.658,NORMAL
ERR1075636,0.8103,OTHER
ERR1075637,0.7128,NORMAL
ERR1075653,0.8329,OTHER
ERR1075654,0.7536,OTHER
ERR1075655,0.8179,OTHER
ERR1075664,0.6147,NORMAL
ERR1075668,0.7404,OTHER
ERR1075673,0.8697,OTHER
ERR1075674,0.6502,NORMAL
ERR1075680,0.6488,NORMAL
ERR1075687,0.8815,OTHER
ERR1075693,0.8043,OTHER
ERR1075696,0.6778,NORMAL
ERR1075697,0.8075,OTHER
ERR1075698,0.762,OTHER
ERR1075702,0.662,NORMAL
ERR1075705,0.593,NORMAL
ERR1075708,0.7288,OTHER
ERR1075717,0.776,OTHER
ERR1075718,0.7978,OTHER
ERR1075731,0.755,OTHER
ERR1075733,0.6885,NORMAL
ERR1075736,0.7,NORMAL
ERR1075746,0.7627,OTHER
ERR1075747,0.7051,NORMAL
ERR1075749,0.7043,NORMAL
ERR1075750,0.5315,NORMAL
ERR1075751,0.6149,NORMAL
ERR1075758,0.6943,NORMAL
ERR1075761,0.5939,NORMAL
ERR1075762,0.64,NORMAL
ERR1075763,0.6383,NORMAL
ERR1075764,0.7388,OTHER
ERR1075768,0.825,OTHER
ERR1075769,0.8719,OTHER
ERR1075770,0.7458,OTHER
ERR1075778,0.8061,OTHER
ERR1075779,0.637,NORMAL
ERR1075782,0.6266,NORMAL
ERR1075784,0.6327,NORMAL
ERR1075785,0.7463,OTHER
ERR1075786,0.8665,OTHER
ERR1075789,0.6376,NORMAL
ERR1075792,0.8255,OTHER
ERR1075793,0.7057,NORMAL
ERR1075794,0.8164,OTHER
ERR1075797,0.7179,NORMAL
ERR1075798,0.6678,NORMAL
ERR1075803,0.6429,NORMAL
ERR1075806,0.7398,OTHER
ERR1075808,0.7079,NORMAL
ERR1075810,0.8193,OTHER
ERR1075812,0.8413,OTHER
ERR1075818,0.8949,DEVIANT
ERR1075819,0.6775,NORMAL
ERR1075820,0.72,NORMAL
ERR1075826,0.6761,NORMAL
ERR1075829,0.8605,OTHER
ERR1075835,0.6473,NORMAL
ERR1075836,0.6867,NORMAL
ERR1075837,0.5958,NORMAL
ERR1075840,0.749,OTHER
ERR1075844,0.8757,OTHER
ERR1075845,0.6569,NORMAL
ERR1075849,0.7576,OTHER
ERR1075852,0.6834,NORMAL
ERR1075854,0.704,NORMAL
ERR1075857,0.6388,NORMAL
ERR1075869,0.6485,NORMAL
ERR1075874,0.6825,NORMAL
ERR1075877,0.6451,NORMAL
ERR1075878,0.8519,OTHER
ERR1075881,0.6855,NORMAL
ERR1075888,0.6874,NORMAL
ERR1075902,0.665,NORMAL
ERR1075904,0.738,OTHER
ERR1075915,0.6575,NORMAL
ERR1075916,0.6772,NORMAL
ERR1075922,0.7126,NORMAL
ERR1075923,0.6709,NORMAL
ERR1075924,0.8971,DEVIANT
ERR1075926,0.7189,NORMAL
ERR1075928,0.7411,OTHER
ERR1075932,0.6723,NORMAL
ERR1075933,0.6952,NORMAL
ERR1075955,0.6983,NORMAL
ERR1075956,0.5474,NORMAL
ERR1075957,0.808,OTHER
ERR1075959,0.6671,NORMAL
ERR1075962,0.8005,OTHER
ERR1075965,0.685,NORMAL
ERR1075968,0.8154,OTHER
ERR1075970,0.7474,OTHER
ERR1075975,0.726,OTHER
ERR1075977,0.7099,NORMAL
ERR1075980,0.8774,OTHER
ERR1075981,0.6837,NORMAL
ERR1075985,0.693,NORMAL
ERR1075986,0.9359,DEVIANT
ERR1075988,0.6703,NORMAL
ERR1075995,0.794,OTHER
ERR1076003,0.5828,NORMAL
ERR1076004,0.6507,NORMAL
ERR1076005,0.6754,NORMAL
ERR1076009,0.7091,NORMAL
ERR1076015,0.6404,NORMAL
ERR1076016,0.6741,NORMAL
ERR1076023,0.6685,NORMAL
ERR1076024,0.6379,NORMAL
ERR1076025,0.7706,OTHER
ERR1076031,0.75,OTHER
ERR1076650,0.7291,OTHER
ERR1076656,0.8188,OTHER
ERR1076660,0.7135,NORMAL
ERR1076668,0.7252,NORMAL
ERR1076677,0.6485,NORMAL
ERR1076684,0.7101,NORMAL
ERR1076686,0.7289,OTHER
ERR1076693,0.7231,NORMAL
ERR1076695,0.7092,NORMAL
ERR1076702,0.6737,NORMAL
ERR1076706,0.6386,NORMAL
ERR1076732,0.7689,OTHER
ERR1076737,0.8733,OTHER
ERR1076778,0.7683,OTHER
ERR1076782,0.7046,NORMAL
ERR1076786,0.6188,NORMAL
ERR1076790,0.7142,NORMAL
ERR1076792,0.8284,OTHER
ERR1076799,0.692,NORMAL
ERR1076810,0.6704,NORMAL
ERR1076826,0.6128,NORMAL
ERR1076838,0.634,NORMAL
ERR1076840,0.6954,NORMAL
ERR1076843,0.776,OTHER
ERR1076844,0.7471,OTHER
ERR1076849,0.5703,NORMAL
ERR1076852,0.6578,NORMAL
ERR1076857,0.7651,OTHER
ERR1076859,0.7601,OTHER
ERR1076861,0.8148,OTHER
ERR1076865,0.6648,NORMAL
ERR1076866,0.817,OTHER
ERR1076908,0.8041,OTHER
ERR1076909,0.8716,OTHER
ERR1076911,0.6642,NORMAL
ERR1076913,0.7878,OTHER
ERR1076920,0.8127,OTHER
ERR1076926,0.7471,OTHER
ERR1076927,0.8262,OTHER
ERR1076932,0.6246,NORMAL
ERR1076957,0.7062,NORMAL
ERR1076966,0.5915,NORMAL
ERR1076985,0.7476,OTHER
ERR1077009,0.6178,NORMAL
ERR1077019,0.6208,NORMAL
ERR1077056,0.862,OTHER
ERR1077069,0.7658,OTHER
ERR1077094,0.7669,OTHER
ERR1077099,0.7257,NORMAL
ERR1077141,0.6867,NORMAL
ERR1077178,0.6414,NORMAL
ERR1077189,0.7737,OTHER
ERR1077263,0.6973,NORMAL
ERR1077264,0.7002,NORMAL
ERR1077266,0.8169,OTHER
ERR1077271,0.6579,NORMAL
ERR1077275,0.8501,OTHER
ERR1077282,0.7388,OTHER
ERR1077288,0.7033,NORMAL
ERR1077290,0.7387,OTHER
ERR1077294,0.6615,NORMAL
ERR1077301,0.6517,NORMAL
ERR1077305,0.7466,OTHER
ERR1077316,0.6821,NORMAL
ERR1077318,0.784,OTHER
ERR1077327,0.8925,DEVIANT
ERR1077329,0.5781,NORMAL
ERR1077331,0.9215,DEVIANT
ERR1077338,0.5751,NORMAL
ERR1077341,0.7059,NORMAL
ERR1077349,0.7534,OTHER
ERR1077353,0.6415,NORMAL
ERR1077354,0.639,NORMAL
ERR1077365,0.6606,NORMAL
ERR1077368,0.7167,NORMAL
ERR1077369,0.6577,NORMAL
ERR1077370,0.7123,NORMAL
ERR1077373,0.8751,OTHER
ERR1077375,0.7689,OTHER
ERR1077376,0.6662,NORMAL
ERR1077377,0.6955,NORMAL
ERR1077381,0.6777,NORMAL
ERR1077382,0.6488,NORMAL
ERR1077406,0.6289,NORMAL
ERR1077415,0.6732,NORMAL
ERR1077416,0.6314,NORMAL
ERR1077417,0.6741,NORMAL
ERR1077421,0.6834,NORMAL
ERR1077431,0.6592,NORMAL
ERR1077574,0.574,NORMAL
ERR1077582,0.7297,OTHER
ERR1077588,0.6446,NORMAL
ERR1077600,0.6353,NORMAL
ERR1077614,0.6028,NORMAL
ERR1077673,0.6305,NORMAL
ERR1077680,0.678,NORMAL
ERR1077681,0.7175,NORMAL
ERR1077685,0.7998,OTHER
ERR1077686,0.6079,NORMAL
ERR1077687,0.7098,NORMAL
ERR1077689,0.6258,NORMAL
ERR1077808,0.7578,OTHER
ERR1077821,0.7721,OTHER
ERR1077823,0.6883,NORMAL
ERR1077829,0.7939,OTHER
ERR1077847,0.6995,NORMAL
ERR1077856,0.7179,NORMAL
ERR1077869,0.6322,NORMAL
ERR1077879,0.8779,OTHER
ERR1077881,0.7591,OTHER
ERR1077896,0.6502,NORMAL
ERR1077897,0.6887,NORMAL
ERR1077901,0.7292,OTHER
ERR1077917,0.8207,OTHER
ERR1077923,0.8115,OTHER
ERR1077928,0.8589,OTHER
ERR1077940,0.6622,NORMAL
ERR1077947,0.7432,OTHER
ERR1077948,0.8233,OTHER
ERR1077950,0.7675,OTHER
ERR1077951,0.798,OTHER
ERR1077968,0.7282,OTHER
ERR1077972,0.8381,OTHER
ERR1077975,0.7349,OTHER
ERR1077990,0.6442,NORMAL
ERR1077991,0.7113,NORMAL
ERR1077992,0.6734,NORMAL
ERR1077995,0.8256,OTHER
ERR1077998,0.7042,NORMAL
ERR1078007,0.8167,OTHER
ERR1078008,0.848,OTHER
ERR1078012,0.862,OTHER
ERR1078014,0.5853,NORMAL
ERR1078024,0.6725,NORMAL
ERR1078034,0.7383,OTHER
ERR1078045,0.7098,NORMAL
ERR1078046,0.6563,NORMAL
ERR1078047,0.7659,OTHER
ERR1078049,0.7201,NORMAL
ERR1078054,0.78,OTHER
ERR1078057,0.6027,NORMAL
ERR1078065,0.6594,NORMAL
ERR1078076,0.6411,NORMAL
ERR1078079,0.6727,NORMAL
ERR1078080,0.8538,OTHER
ERR1078081,0.676,NORMAL
ERR1078083,0.8153,OTHER
ERR1078087,0.7335,OTHER
ERR1078090,0.7091,NORMAL
ERR1078092,0.7842,OTHER
ERR1078093,0.6841,NORMAL
ERR1078096,0.6584,NORMAL
ERR1078097,0.7241,NORMAL
ERR1078106,0.713,NORMAL
ERR1078107,0.5923,NORMAL
ERR1078119,0.7837,OTHER
ERR1078124,0.762,OTHER
ERR1078126,0.7356,OTHER
ERR1078133,0.9769,DEVIANT
ERR1078145,0.8747,OTHER
ERR1078147,0.7901,OTHER
ERR1078153,0.66,NORMAL
ERR1078154,0.6439,NORMAL
ERR1078158,0.6913,NORMAL
ERR1078163,0.7379,OTHER
ERR1078168,0.8,OTHER
ERR1078174,0.7324,OTHER
ERR1078176,0.7047,NORMAL
ERR1078185,0.7104,NORMAL
ERR1078198,0.7491,OTHER
ERR1078199,0.6532,NORMAL
ERR1078206,0.8077,OTHER
ERR1078208,0.7322,OTHER
ERR1078235,0.641,NORMAL
ERR1078239,0.6061,NORMAL
ERR1078663,0.6634,NORMAL
ERR1078683,0.6895,NORMAL
ERR1079922,0.6894,NORMAL
ERR1079933,0.7422,OTHER
ERR1079946,0.7411,OTHER
ERR1079955,0.633,NORMAL
ERR1079961,0.7899,OTHER
ERR1079962,0.7258,NORMAL
ERR1079972,0.6999,NORMAL
ERR1079976,0.8632,OTHER
ERR1079977,0.6878,NORMAL
ERR1080021,0.6617,NORMAL
ERR1080028,0.838,OTHER
ERR1080036,0.7298,OTHER
ERR1080040,0.8116,OTHER
ERR1080051,0.6465,NORMAL
ERR1080056,0.6181,NORMAL
ERR1080065,0.7478,OTHER
ERR1080079,0.8068,OTHER
ERR1080095,0.6934,NORMAL
ERR1080107,0.7254,NORMAL
ERR1080147,0.67,NORMAL
ERR1080167,0.8783,OTHER
ERR1080173,0.6475,NORMAL
ERR1080179,0.6673,NORMAL
ERR1080192,0.6934,NORMAL
ERR1080194,0.6535,NORMAL
ERR1080204,0.7456,OTHER
ERR1080215,0.8557,OTHER
ERR1080232,0.6449,NORMAL
ERR1080235,0.6393,NORMAL
ERR1080244,0.8002,OTHER
ERR1080246,0.7212,NORMAL
ERR1080251,0.6693,NORMAL
ERR1080252,0.7464,OTHER
ERR1080263,0.699,NORMAL
ERR1080271,0.6014,NORMAL
ERR1080276,0.7153,NORMAL
ERR1080286,0.6287,NORMAL
ERR1080292,0.7488,OTHER
ERR1080312,0.8103,OTHER
ERR1080314,0.8034,OTHER
ERR1080317,0.728,OTHER
ERR1080318,0.6723,NORMAL
ERR1080322,0.6042,NORMAL
ERR1080327,0.6177,NORMAL
ERR1080372,0.7802,OTHER
ERR1080373,0.6523,NORMAL
ERR1080374,0.6264,NORMAL
ERR1080378,0.7249,NORMAL
ERR1080379,0.6464,NORMAL
ERR1080385,0.8488,OTHER
ERR1080388,0.6873,NORMAL
ERR1080393,0.7126,NORMAL
ERR1080395,0.7547,OTHER
ERR1080411,0.784,OTHER
ERR1080412,0.8054,OTHER
ERR1080418,0.7587,OTHER
ERR1089680,0.7063,NORMAL
ERR1089683,0.7146,NORMAL
ERR1089688,0.7251,NORMAL
ERR1089696,0.7361,OTHER
ERR1089705,0.7103,NORMAL
ERR1089707,0.8061,OTHER
ERR1089711,0.8309,OTHER
ERR1089718,0.7874,OTHER
ERR1089730,0.7228,NORMAL
ERR1089737,0.8244,OTHER
ERR1089740,0.6512,NORMAL
ERR1089745,0.8832,OTHER
ERR1089758,0.6033,NORMAL
ERR1089772,0.7448,OTHER
ERR1089786,0.6689,NORMAL
ERR1089793,0.8353,OTHER
ERR1089794,0.8603,OTHER
ERR1089795,0.7303,OTHER
ERR1089797,0.7036,NORMAL
ERR1089798,0.6276,NORMAL
ERR1089800,0.8724,OTHER
ERR1089802,0.7387,OTHER
ERR1089808,0.7723,OTHER
ERR1089810,0.5937,NORMAL
ERR1089816,0.6392,NORMAL
ERR1089818,0.6953,NORMAL
ERR1089820,0.7801,OTHER
ERR1089826,0.7462,OTHER
ERR1089827,0.8948,DEVIANT
ERR1089828,0.6233,NORMAL
ERR1089840,0.8197,OTHER
ERR1089845,0.7786,OTHER
ERR1089847,0.6656,NORMAL
ERR1089849,0.6627,NORMAL
ERR1089859,0.7943,OTHER
ERR1089860,0.8015,OTHER
ERR1089861,0.7473,OTHER
ERR1089863,0.7782,OTHER
ERR1089865,0.7385,OTHER
ERR1089867,0.7164,NORMAL
ERR1089871,0.7368,OTHER
ERR1089873,0.7422,OTHER
ERR1089881,0.6969,NORMAL
ERR1089888,0.7135,NORMAL
ERR1089891,0.8378,OTHER
ERR1089897,0.74,OTHER
ERR1089900,0.8242,OTHER
ERR1089901,0.8046,OTHER
ERR1089915,0.6807,NORMAL
ERR1089931,0.6504,NORMAL
ERR1089932,0.6967,NORMAL
ERR1089933,0.8065,OTHER
ERR1089934,0.7125,NORMAL
ERR1089937,0.7807,OTHER
ERR1089940,0.8065,OTHER
ERR1089942,0.8049,OTHER
ERR1089953,0.7349,OTHER
ERR1089954,0.7725,OTHER
ERR1089960,0.852,OTHER
ERR1089961,0.6724,NORMAL
ERR1089964,0.6796,NORMAL
ERR1089966,0.6864,NORMAL
ERR1089972,0.7422,OTHER
ERR1089978,0.8042,OTHER
ERR1089985,0.6972,NORMAL
ERR1089986,0.7678,OTHER
ERR1089988,0.6885,NORMAL
ERR1089991,0.707,NORMAL
ERR1089994,0.6723,NORMAL
ERR1089995,0.801,OTHER
ERR1090000,0.7178,NORMAL
ERR1090002,0.6128,NORMAL
ERR1090009,0.6497,NORMAL
ERR1090015,0.6707,NORMAL
ERR1090016,0.6859,NORMAL
ERR1090020,0.7951,OTHER
ERR1090021,0.7763,OTHER
ERR1090027,0.7299,OTHER
ERR1090030,0.7471,OTHER
ERR1090032,0.8044,OTHER
ERR1090033,0.8181,OTHER
ERR1090036,0.6501,NORMAL
ERR1090037,0.5565,NORMAL
ERR1090040,0.7973,OTHER
ERR1090041,0.6879,NORMAL
ERR1090044,0.7635,OTHER
ERR1090048,0.8391,OTHER
ERR1090049,0.7231,NORMAL
ERR1090051,0.5686,NORMAL
ERR1090061,0.8683,OTHER
ERR1090063,0.9126,DEVIANT
ERR1090064,0.7866,OTHER
ERR1090069,0.7332,OTHER
ERR1090072,0.652,NORMAL
ERR1090074,0.8373,OTHER
ERR1090076,0.6914,NORMAL
ERR1090086,0.7238,NORMAL
ERR1090087,0.8154,OTHER
ERR1090092,0.6623,NORMAL
ERR1090097,0.6757,NORMAL
ERR1090108,0.6165,NORMAL
ERR1090113,0.6358,NORMAL
ERR1090120,0.7456,OTHER
ERR1090124,0.9122,DEVIANT
ERR1090127,0.7874,OTHER
ERR1090129,0.643,NORMAL
ERR1090133,0.8115,OTHER
ERR1090147,0.771,OTHER
ERR1090149,0.6685,NORMAL
ERR1090152,0.8442,OTHER
ERR1090154,0.7796,OTHER
ERR1090155,0.8249,OTHER
ERR1090157,0.7342,OTHER
ERR1090228,0.6516,NORMAL
ERR1090260,0.6819,NORMAL
ERR1090280,0.698,NORMAL
ERR1090287,0.7758,OTHER
ERR1090291,0.8399,OTHER
ERR1090292,0.803,OTHER
ERR1090293,0.795,OTHER
ERR1090294,0.8726,OTHER
ERR1090295,0.6347,NORMAL
ERR1090296,0.8244,OTHER
ERR1090297,0.6805,NORMAL
ERR1090298,0.6921,NORMAL
ERR1090299,0.8329,OTHER
ERR1090300,0.8577,OTHER
ERR1090302,0.7144,NORMAL
ERR1090303,0.7903,OTHER
ERR1090304,0.7116,NORMAL
ERR1090305,0.6723,NORMAL
ERR1090307,0.7665,OTHER
ERR1090308,0.6736,NORMAL
ERR1090310,0.8856,OTHER
ERR1090312,0.7009,NORMAL
ERR1090313,0.8945,DEVIANT
ERR1090314,0.6851,NORMAL
ERR1090315,0.7193,NORMAL
ERR1090316,0.8288,OTHER
ERR1090318,0.8883,OTHER
ERR1090319,0.63,NORMAL
ERR1090320,0.7393,OTHER
ERR1090321,0.8547,OTHER
ERR1090322,0.7253,NORMAL
ERR1090323,0.6583,NORMAL
ERR1090326,0.7179,NORMAL
ERR1090328,0.8536,OTHER
ERR1090329,0.8626,OTHER
ERR1090331,0.9145,DEVIANT
ERR1090332,0.8362,OTHER
ERR1090339,0.6772,NORMAL
ERR1090354,0.7018,NORMAL
ERR1090355,0.6247,NORMAL
ERR1090359,0.7226,NORMAL
ERR1090360,0.7338,OTHER
ERR1090363,0.619,NORMAL
ERR1090368,0.6701,NORMAL
ERR1090375,0.6632,NORMAL
ERR1090382,0.82,OTHER
ERR1090383,0.6503,NORMAL
ERR1090388,0.5872,NORMAL
ERR1090390,0.9951,DEVIANT
ERR1090398,0.8366,OTHER
ERR1090402,0.802,OTHER
ERR1090404,0.7165,NORMAL
ERR1090407,0.6687,NORMAL
ERR1090409,0.7012,NORMAL
ERR1090410,0.7138,NORMAL
ERR1090416,0.8332,OTHER
ERR1090421,0.7661,OTHER
ERR1090422,0.7421,OTHER
ERR1090423,0.6585,NORMAL
ERR1090425,0.6683,NORMAL
ERR1090435,0.7278,OTHER
ERR1090436,0.6483,NORMAL
ERR1090448,0.9075,DEVIANT
ERR1090453,0.921,DEVIANT
ERR1090455,0.6506,NORMAL
ERR1090461,0.9522,DEVIANT
ERR1090470,0.7432,OTHER
ERR1090487,0.6223,NORMAL
ERR1090509,0.8333,OTHER
ERR1090510,0.914,DEVIANT
ERR1090512,0.754,OTHER
ERR1090513,0.7186,NORMAL
ERR1090514,0.7189,NORMAL
ERR1090515,0.7458,OTHER
ERR1090516,0.7208,NORMAL
ERR1090517,0.7396,OTHER
ERR1090518,0.8936,DEVIANT
ERR1090519,0.7316,OTHER
ERR1090521,0.7501,OTHER
ERR1090522,0.8877,OTHER
ERR1090523,0.8871,OTHER
ERR1090531,0.7614,OTHER
ERR1090535,0.7104,NORMAL
ERR1090538,0.9941,DEVIANT
ERR1090539,0.7457,OTHER
ERR1090549,0.5715,NORMAL
ERR1090550,0.6935,NORMAL
ERR1090551,0.7129,NORMAL
ERR1090552,0.6543,NORMAL
ERR1090555,0.8391,OTHER
ERR1090556,0.563,NORMAL
ERR1090557,0.8264,OTHER
ERR1090558,0.9303,DEVIANT
ERR1090561,0.8993,DEVIANT
ERR1090563,0.7052,NORMAL
ERR1090564,0.83,OTHER
ERR1090565,0.7814,OTHER
ERR1090566,0.8238,OTHER
ERR1090567,0.8719,OTHER
ERR1090568,0.7601,OTHER
ERR1090569,0.6901,NORMAL
ERR1090570,0.7659,OTHER
ERR1090571,0.7582,OTHER
ERR1090573,0.7473,OTHER
ERR1090574,0.8316,OTHER
ERR1090575,0.7838,OTHER
ERR1090576,0.6895,NORMAL
ERR1090577,0.7145,NORMAL
ERR1090578,0.6906,NORMAL
ERR1090579,0.7295,OTHER
ERR1090580,0.8299,OTHER
ERR1090581,0.6311,NORMAL
ERR1090583,0.8711,OTHER
ERR1090584,0.6732,NORMAL
ERR1090589,0.7142,NORMAL
ERR1090590,0.8614,OTHER
ERR1090598,0.7069,NORMAL
ERR1090612,0.7566,OTHER
ERR1090613,0.6801,NORMAL
ERR1090614,0.7407,OTHER
ERR1090634,0.7484,OTHER
ERR1090643,0.7152,NORMAL
ERR1090645,0.7973,OTHER
ERR1090649,0.8507,OTHER
ERR1090655,0.6881,NORMAL
ERR1090661,0.7309,OTHER
ERR1090663,0.7218,NORMAL
ERR1090667,0.5955,NORMAL
ERR1090671,0.7559,OTHER
ERR1090674,0.7368,OTHER
ERR1090675,0.7591,OTHER
ERR1090677,0.7208,NORMAL
ERR1090679,0.7788,OTHER
ERR1090682,0.7668,OTHER
ERR1090692,0.6255,NORMAL
ERR1090696,0.7198,NORMAL
ERR1090708,0.6333,NORMAL
ERR1090709,0.7464,OTHER
ERR1090711,0.7201,NORMAL
ERR1090712,0.7258,OTHER
ERR1090715,0.733,OTHER
ERR1090718,0.8038,OTHER
ERR1090722,0.6509,NORMAL
ERR1090783,0.83,OTHER
ERR1090787,0.7391,OTHER
ERR1090802,0.7186,NORMAL
ERR1090803,0.5384,NORMAL
ERR1090808,0.6404,NORMAL
ERR1090809,0.8179,OTHER
ERR1090822,0.6695,NORMAL
ERR1090824,0.8285,OTHER
ERR1090839,0.6581,NORMAL
ERR1090845,0.5759,NORMAL
ERR1090848,0.711,NORMAL
ERR1090854,0.6418,NORMAL
ERR1090858,0.6532,NORMAL
ERR1090860,0.7656,OTHER
ERR1090869,0.6801,NORMAL
ERR1090877,0.8046,OTHER
ERR1090880,0.7224,NORMAL
ERR1090884,0.7189,NORMAL
ERR1090887,0.6968,NORMAL
ERR1090888,0.6028,NORMAL
ERR1090889,0.7027,NORMAL
ERR1090890,0.6129,NORMAL
ERR1090895,0.7562,OTHER
ERR1090899,0.6738,NORMAL
ERR1090900,0.7046,NORMAL
ERR1090901,0.7456,OTHER
ERR1090902,0.7584,OTHER
ERR1090914,0.6494,NORMAL
ERR1090915,0.7573,OTHER
ERR1090918,0.7385,OTHER
ERR1090925,0.7245,NORMAL
ERR1090931,0.7983,OTHER
ERR1090939,0.6432,NORMAL
ERR1090943,0.6952,NORMAL
ERR1090949,0.7149,NORMAL
ERR1090953,0.8999,DEVIANT
ERR1090960,0.7316,OTHER
ERR1090963,0.6121,NORMAL
ERR1090965,0.6552,NORMAL
ERR1090969,0.7643,OTHER
ERR1090972,0.7362,OTHER
ERR1090973,0.7336,OTHER
ERR1090982,0.6483,NORMAL
ERR1090990,0.6817,NORMAL
ERR1090996,0.7653,OTHER
ERR1091002,0.6869,NORMAL
ERR1091004,0.7726,OTHER
ERR1091008,0.7183,NORMAL
ERR1091014,0.5566,NORMAL
ERR1091016,0.6444,NORMAL
ERR1091018,0.7336,OTHER
ERR1091019,0.5976,NORMAL
ERR1091020,0.7652,OTHER
ERR1091028,0.7049,NORMAL
ERR1091029,0.6794,NORMAL
ERR1091035,0.5531,NORMAL
ERR1091036,0.7018,NORMAL
ERR1091048,0.8341,OTHER
ERR1091050,0.683,NORMAL
ERR1091051,0.8841,OTHER
ERR1091055,0.7391,OTHER
ERR1091067,0.8087,OTHER
ERR1091068,0.6231,NORMAL
ERR1091072,0.918,DEVIANT
ERR1091089,0.6056,NORMAL
ERR1091091,0.8357,OTHER
ERR1091097,0.6946,NORMAL
ERR1091098,0.787,OTHER
ERR1091110,0.6919,NORMAL
ERR1091114,0.8143,OTHER
ERR1091116,0.6703,NORMAL
ERR1091118,0.5846,NORMAL
ERR1091123,0.6813,NORMAL
ERR1091125,0.7545,OTHER
ERR1091130,0.741,OTHER
ERR1091131,0.7186,NORMAL
ERR1091141,0.7367,OTHER
ERR1091152,0.91,DEVIANT
ERR1091160,0.6747,NORMAL
ERR1091166,0.7462,OTHER
ERR1091171,0.797,OTHER
ERR1091177,0.5379,NORMAL
ERR1091180,0.7439,OTHER
ERR1091183,0.7305,OTHER
ERR1091186,0.6464,NORMAL
ERR1091187,0.6768,NORMAL
ERR1091191,0.6086,NORMAL
ERR1091193,0.5898,NORMAL
ERR1091198,0.7017,NORMAL
ERR1091200,0.6168,NORMAL
ERR1091267,0.6592,NORMAL
ERR1091272,0.9913,DEVIANT
ERR1091273,0.8193,OTHER
ERR1091275,0.6841,NORMAL
ERR1091281,0.8206,OTHER
ERR1091282,0.595,NORMAL
ERR1091287,0.6893,NORMAL
ERR1091288,0.7354,OTHER
ERR1091290,0.7091,NORMAL
ERR1091291,0.732,OTHER
ERR1091292,0.8219,OTHER
ERR1091294,0.8068,OTHER
ERR1091313,0.6584,NORMAL
ERR1091314,0.6541,NORMAL
ERR1091325,0.7178,NORMAL
ERR1091326,0.6913,NORMAL
ERR1091329,0.7959,OTHER
ERR1091332,0.801,OTHER
ERR1091333,0.7137,NORMAL
ERR1091347,0.5996,NORMAL
ERR1091349,0.7497,OTHER
ERR1091352,0.6469,NORMAL
ERR1091365,0.7462,OTHER
ERR1091367,0.6514,NORMAL
ERR1091371,0.6501,NORMAL
ERR1091372,0.7575,OTHER
ERR1091378,0.6423,NORMAL
ERR1091382,0.6892,NORMAL
ERR1091384,0.7442,OTHER
ERR1091386,0.8484,OTHER
ERR1091388,0.6869,NORMAL
ERR1091389,0.731,OTHER
ERR1091398,0.8504,OTHER
ERR1091401,0.7015,NORMAL
ERR1091416,0.8281,OTHER
ERR1091417,0.7008,NORMAL
ERR1091421,0.6045,NORMAL
ERR1091427,0.7335,OTHER
ERR1091432,0.8818,OTHER
ERR1091439,0.7216,NORMAL
ERR1091454,0.8165,OTHER
ERR1091455,0.6602,NORMAL
ERR1091463,0.6165,NORMAL
ERR1091471,0.6407,NORMAL
ERR1091475,0.6553,NORMAL
ERR1091480,0.65,NORMAL
ERR1091484,0.712,NORMAL
ERR1091488,0.7193,NORMAL
ERR1091515,0.6408,NORMAL
ERR1091535,0.5807,NORMAL
ERR1091551,0.6201,NORMAL
ERR1091553,0.6715,NORMAL
ERR1091559,0.6538,NORMAL
ERR1091570,0.7409,OTHER
ERR1091593,0.607,NORMAL
ERR1091594,0.7464,OTHER
ERR1091595,0.6869,NORMAL
ERR1091607,0.6912,NORMAL
ERR1091608,0.5261,NORMAL
ERR1091611,0.7143,NORMAL
ERR1091617,0.7196,NORMAL
ERR1091622,0.7983,OTHER
ERR1091626,0.6622,NORMAL
ERR1091631,0.6659,NORMAL
ERR1091634,0.6998,NORMAL
ERR1091638,0.5276,NORMAL
ERR1091652,0.6347,NORMAL
ERR1091658,0.7265,OTHER
ERR1091660,0.7501,OTHER
ERR1091662,0.7174,NORMAL
ERR1091672,0.6813,NORMAL
ERR1091674,0.6494,NORMAL
ERR1091676,0.7026,NORMAL
ERR1091679,0.5693,NORMAL
ERR1091681,0.7638,OTHER
ERR1091683,0.622,NORMAL
ERR1091690,0.8273,OTHER
ERR1091693,0.7594,OTHER
ERR1091694,0.7662,OTHER
ERR1091700,0.8815,OTHER
ERR1091707,0.7263,OTHER
ERR1091710,0.6988,NORMAL
ERR1091715,0.6405,NORMAL
ERR1091717,0.845,OTHER
ERR1091718,0.6962,NORMAL
ERR1091721,0.675,NORMAL
ERR1091723,0.5688,NORMAL
ERR1091727,0.7215,NORMAL
ERR1091737,0.9188,DEVIANT
ERR1091742,0.665,NORMAL
ERR1091750,0.6229,NORMAL
ERR1091753,0.7392,OTHER
ERR1091762,0.6986,NORMAL
ERR1091763,0.7163,NORMAL
ERR1091769,0.7403,OTHER
ERR1091773,0.7964,OTHER
ERR1091781,0.8002,OTHER
ERR1091786,0.8784,OTHER
ERR1091788,0.6943,NORMAL
ERR1091791,0.8091,OTHER
ERR1091792,0.7569,OTHER
ERR1091798,0.8094,OTHER
ERR1091803,0.7179,NORMAL
ERR1091805,0.7604,OTHER
ERR1091811,0.7472,OTHER
ERR1091812,0.8171,OTHER
ERR1091813,0.7313,OTHER
ERR1091816,0.7239,NORMAL
ERR1091819,0.7881,OTHER
ERR1091821,0.8034,OTHER
ERR1091825,0.7596,OTHER
ERR1091826,0.8163,OTHER
ERR1091827,0.8757,OTHER
ERR1091832,0.7478,OTHER
ERR1091837,0.7653,OTHER
ERR1233443,0.7141,NORMAL
ERR1233446,0.6712,NORMAL
ERR1233449,0.8066,OTHER
ERR1233459,0.932,DEVIANT
ERR1249644,0.9491,DEVIANT
ERR1249651,0.7698,OTHER
ERR1249655,0.7074,NORMAL
ERR1249656,0.5977,NORMAL
ERR1249666,0.747,OTHER
ERR1249670,0.6243,NORMAL
ERR1249672,0.8061,OTHER
ERR1249673,0.6479,NORMAL
ERR1249678,0.7551,OTHER
ERR1249682,0.8738,OTHER
ERR1249688,0.6425,NORMAL
ERR1249692,0.8967,DEVIANT
ERR1249696,0.8065,OTHER
ERR1249697,0.6952,NORMAL
ERR1249702,0.6523,NORMAL
ERR1249704,0.607,NORMAL
ERR1249717,0.7234,NORMAL
ERR1249719,0.8979,DEVIANT
ERR1249720,0.8273,OTHER
ERR1249733,0.6604,NORMAL
ERR1249734,0.6762,NORMAL
ERR1249735,0.729,OTHER
ERR1249736,0.7361,OTHER
ERR1249738,0.757,OTHER
ERR1249739,0.7802,OTHER
ERR1249740,0.6519,NORMAL
ERR1249742,0.8194,OTHER
ERR1249743,0.8382,OTHER
ERR1249744,0.6197,NORMAL
ERR1249747,0.5846,NORMAL
ERR1249748,0.7701,OTHER
ERR1249751,0.7436,OTHER
ERR1249755,0.8127,OTHER
ERR1249767,0.8354,OTHER
ERR1249768,0.5299,NORMAL
ERR1249777,0.7472,OTHER
ERR1249793,0.622,NORMAL
ERR1249828,0.7363,OTHER
ERR1249835,0.7244,NORMAL
ERR1249839,0.5786,NORMAL
ERR1249842,0.6615,NORMAL
ERR1249849,0.7435,OTHER
ERR1249857,0.6775,NORMAL
ERR1249858,0.6919,NORMAL
ERR1249859,0.7479,OTHER
ERR1249861,0.7738,OTHER
ERR1249863,0.8945,DEVIANT
ERR1249864,0.7307,OTHER
ERR1249865,0.6636,NORMAL
ERR1249866,0.7244,NORMAL
ERR1249869,0.7485,OTHER
ERR1249870,0.6081,NORMAL
ERR1249871,0.6722,NORMAL
ERR1249872,0.8862,OTHER
ERR1249875,0.7909,OTHER
ERR1249876,0.8028,OTHER
ERR1249878,0.7081,NORMAL
ERR1249879,0.7236,NORMAL
ERR1249880,0.8217,OTHER
ERR1249881,0.6178,NORMAL
ERR1249885,0.6845,NORMAL
ERR1249886,0.795,OTHER
ERR1249887,0.7127,NORMAL
ERR1249889,0.8189,OTHER
ERR1249904,0.7764,OTHER
ERR1249910,0.8362,OTHER
ERR1249919,0.7624,OTHER
ERR1249930,0.7198,NORMAL
ERR1249932,0.6115,NORMAL
ERR1249944,0.7673,OTHER
ERR1249945,0.7545,OTHER
ERR1249948,0.5853,NORMAL
ERR1249949,0.7261,OTHER
ERR1249950,0.6159,NORMAL
ERR1249951,0.7082,NORMAL
ERR1249956,0.7511,OTHER
ERR1249962,0.5707,NORMAL
ERR1249967,0.6518,NORMAL
ERR1249969,0.716,NORMAL
ERR1249975,0.648,NORMAL
ERR1249979,0.7343,OTHER
ERR1249986,0.7236,NORMAL
ERR1249988,0.7032,NORMAL
ERR1249989,0.7862,OTHER
ERR1249990,0.7654,OTHER
ERR1249991,0.66,NORMAL
ERR1249993,0.9087,DEVIANT
ERR1249994,0.8153,OTHER
ERR1249995,0.7368,OTHER
ERR1249997,0.7002,NORMAL
ERR1249998,0.7318,OTHER
ERR1249999,0.7402,OTHER
ERR1250000,0.7545,OTHER
ERR1250002,0.8126,OTHER
ERR1250005,0.641,NORMAL
ERR1250006,0.799,OTHER
ERR1250007,0.8673,OTHER
ERR1250008,0.8222,OTHER
ERR1250009,0.7999,OTHER
ERR1250011,0.7071,NORMAL
ERR1250012,0.6567,NORMAL
ERR1250014,0.6207,NORMAL
ERR1250015,0.7843,OTHER
ERR1250016,0.8826,OTHER
ERR1250017,0.6778,NORMAL
ERR1250019,0.8698,OTHER
ERR1250020,0.7066,NORMAL
ERR1250021,0.7063,NORMAL
ERR1250022,0.9042,DEVIANT
ERR1250023,0.7518,OTHER
ERR1250025,0.7619,OTHER
ERR1250030,0.8435,OTHER
ERR1250032,0.534,NORMAL
ERR1250034,0.6859,NORMAL
ERR1250038,0.726,OTHER
ERR1250039,0.6957,NORMAL
ERR1250040,0.7125,NORMAL
ERR1250041,0.744,OTHER
ERR1250042,0.7591,OTHER
ERR1250043,0.8319,OTHER
ERR1250044,0.6996,NORMAL
ERR1250045,0.8406,OTHER
ERR1250046,0.8372,OTHER
ERR1250048,0.6653,NORMAL
ERR1250049,0.8863,OTHER
ERR1250051,0.7363,OTHER
ERR1250055,0.8784,OTHER
ERR1250056,0.7591,OTHER
ERR1250057,0.7101,NORMAL
ERR1250058,0.8301,OTHER
ERR1250060,0.8487,OTHER
ERR1250061,0.82,OTHER
ERR1250062,0.6482,NORMAL
ERR1250063,0.7534,OTHER
ERR1250064,0.6962,NORMAL
ERR1250065,0.775,OTHER
ERR1250072,0.6922,NORMAL
ERR1250075,0.7311,OTHER
ERR1250080,0.5751,NORMAL
ERR1250082,0.6128,NORMAL
ERR1250086,0.844,OTHER
ERR1250089,0.7418,OTHER
ERR1250090,0.6808,NORMAL
ERR1250094,0.7822,OTHER
ERR1250095,0.6798,NORMAL
ERR1250097,0.7041,NORMAL
ERR1250098,0.7256,NORMAL
ERR1250099,0.7367,OTHER
ERR1250100,0.7286,OTHER
ERR1250102,0.8555,OTHER
ERR1250104,0.8404,OTHER
ERR1250105,0.8445,OTHER
ERR1250107,0.685,NORMAL
ERR1250108,0.7058,NORMAL
ERR1250109,0.7318,OTHER
ERR1250111,0.7613,OTHER
ERR1250115,0.8377,OTHER
ERR1250116,0.684,NORMAL
ERR1250117,0.6984,NORMAL
ERR1250120,0.7764,OTHER
ERR1250126,0.786,OTHER
ERR1250127,0.7755,OTHER
ERR1250131,0.7596,OTHER
ERR1250132,0.8431,OTHER
ERR1250133,0.6751,NORMAL
ERR1250136,0.7828,OTHER
ERR1250140,0.6754,NORMAL
ERR1250142,0.6867,NORMAL
ERR1250147,0.7875,OTHER
ERR1250393,0.7324,OTHER
ERR1250475,0.769,OTHER
ERR1250483,0.6842,NORMAL
ERR1250508,0.7409,OTHER
ERR1250514,0.6543,NORMAL
ERR1250515,0.6603,NORMAL
ERR1250528,0.7211,NORMAL
ERR1250534,0.9745,DEVIANT
ERR1250538,0.7368,OTHER
ERR1250550,0.7138,NORMAL
ERR1250561,0.6192,NORMAL
ERR1250562,0.5755,NORMAL
ERR1250563,0.7316,OTHER
ERR1250567,0.6723,NORMAL
ERR1250568,0.7224,NORMAL
ERR1250569,0.6936,NORMAL
ERR1250571,0.6472,NORMAL
ERR1250574,0.8759,OTHER
ERR1250579,0.6746,NORMAL
ERR1250584,0.787,OTHER
ERR1250585,0.6653,NORMAL
ERR1250588,0.7225,NORMAL
ERR1250589,0.6625,NORMAL
ERR1250601,0.6464,NORMAL
ERR1250611,0.7371,OTHER
ERR1250613,0.8144,OTHER
ERR1250614,0.779,OTHER
ERR1250616,0.8077,OTHER
ERR1250620,0.7571,OTHER
ERR1250631,0.7548,OTHER
ERR1250635,0.8,OTHER
ERR1250636,0.6301,NORMAL
ERR1250638,0.6671,NORMAL
ERR1250647,0.7291,OTHER
ERR1250648,0.5379,NORMAL
ERR1315817,0.6515,NORMAL
ERR1315834,0.8177,OTHER
ERR1315835,0.5472,NORMAL
ERR1315840,0.7931,OTHER
ERR1315841,0.7145,NORMAL
ERR1315842,0.7215,NORMAL
ERR1315843,0.6226,NORMAL
ERR1315847,0.6386,NORMAL
ERR1315850,0.6829,NORMAL
ERR1315855,0.6939,NORMAL
ERR1315861,0.8527,OTHER
ERR1315880,0.6815,NORMAL
ERR1315890,0.6718,NORMAL
ERR1315897,0.6827,NORMAL
ERR1315907,0.7143,NORMAL
ERR1315911,0.8754,OTHER
ERR1315915,0.8581,OTHER
ERR1315916,0.8343,OTHER
ERR1315917,0.5795,NORMAL
ERR1315922,0.6361,NORMAL
ERR1315928,0.7993,OTHER
ERR1315935,0.6688,NORMAL
ERR1315961,0.6513,NORMAL
ERR1315985,0.6909,NORMAL
ERR1315989,0.7768,OTHER
ERR1315996,0.6916,NORMAL
ERR1316000,0.6929,NORMAL
ERR1316015,0.8012,OTHER
ERR1316029,0.7464,OTHER
ERR1316030,0.8228,OTHER
ERR1316037,0.7899,OTHER
ERR1316038,0.7383,OTHER
ERR1316048,0.5655,NORMAL
ERR1316053,0.895,DEVIANT
ERR1316063,0.8112,OTHER
ERR1316084,0.8403,OTHER
ERR1316085,0.9205,DEVIANT
ERR1316114,0.7672,OTHER
ERR1316141,0.7795,OTHER
ERR1316181,0.6422,NORMAL
ERR1316183,0.6866,NORMAL
ERR1316211,0.6838,NORMAL
ERR1389625,0.5664,NORMAL
ERR1389626,0.7432,OTHER
ERR1389640,0.6732,NORMAL
ERR1389645,0.7005,NORMAL
ERR1389646,0.7499,OTHER
ERR1389647,0.621,NORMAL
ERR1389648,0.6395,NORMAL
ERR1389656,0.8701,OTHER
ERR1389668,0.7964,OTHER
ERR1389669,0.7231,NORMAL
ERR1389671,0.7143,NORMAL
ERR1389672,0.6223,NORMAL
ERR1389675,0.7571,OTHER
ERR1389683,0.6733,NORMAL
ERR1389684,0.7857,OTHER
ERR1389685,0.8447,OTHER
ERR1389686,0.8213,OTHER
ERR1389687,0.761,OTHER
ERR1389690,0.6719,NORMAL
ERR1389696,0.8534,OTHER
ERR1389699,0.8235,OTHER
ERR1389703,0.6931,NORMAL
ERR1389706,0.6508,NORMAL
ERR1389707,0.7732,OTHER
ERR1389711,0.6627,NORMAL
ERR1389719,0.6096,NORMAL
ERR1389720,0.8423,OTHER
ERR1389726,0.7979,OTHER
ERR1389738,0.6466,NORMAL
ERR1389739,0.5551,NORMAL
ERR1389740,0.6808,NORMAL
ERR1389743,0.7636,OTHER
ERR1389747,0.6114,NORMAL
ERR1389749,0.6353,NORMAL
ERR1389750,0.7234,NORMAL
ERR1389754,0.7263,OTHER
ERR1389755,0.623,NORMAL
ERR1389758,0.7394,OTHER
ERR1389760,0.7148,NORMAL
ERR1389761,0.5903,NORMAL
ERR1389763,0.721,NORMAL
ERR1389766,0.7223,NORMAL
ERR1389768,0.7218,NORMAL
ERR1389770,0.5882,NORMAL
ERR1389772,0.6355,NORMAL
ERR1389773,0.6912,NORMAL
ERR1389781,0.6359,NORMAL
ERR1389783,0.6451,NORMAL
ERR1389787,0.7117,NORMAL
ERR1389788,0.576,NORMAL
ERR1389791,0.6877,NORMAL
ERR1389795,0.6362,NORMAL
ERR1389796,0.6715,NORMAL
ERR1389798,0.7721,OTHER
ERR1389801,0.7241,NORMAL
ERR1389804,0.7654,OTHER
ERR1389805,0.8591,OTHER
ERR1389806,0.763,OTHER
ERR1389807,0.6178,NORMAL
ERR1389808,0.7443,OTHER
ERR1389815,0.6056,NORMAL
ERR1389821,0.6431,NORMAL
ERR1389822,0.7235,NORMAL
ERR1389824,0.5918,NORMAL
ERR1389827,0.858,OTHER
ERR1389831,0.6619,NORMAL
ERR1389834,0.7429,OTHER
ERR1389835,0.6323,NORMAL
ERR1389836,0.6996,NORMAL
ERR1389837,0.7046,NORMAL
ERR1389839,0.6364,NORMAL
ERR1389840,0.6275,NORMAL
ERR1389841,0.7007,NORMAL
ERR1389845,0.5618,NORMAL
ERR1389847,0.6341,NORMAL
ERR1389849,0.6879,NORMAL
ERR1389850,0.6048,NORMAL
ERR1389858,0.9027,DEVIANT
ERR1389864,0.7172,NORMAL
ERR1389865,0.7095,NORMAL
ERR1389866,0.7662,OTHER
ERR1389867,0.8409,OTHER
ERR1389881,0.6926,NORMAL
ERR1389883,0.762,OTHER
ERR1389889,0.7038,NORMAL
ERR1389893,0.7159,NORMAL
ERR1389916,0.7073,NORMAL
ERR1389918,0.7072,NORMAL
ERR1389922,0.6727,NORMAL
ERR1389923,0.8539,OTHER
ERR1389929,0.7201,NORMAL
ERR1389930,0.7204,NORMAL
ERR1389931,0.7926,OTHER
ERR1389933,0.6956,NORMAL
ERR1389934,0.6187,NORMAL
ERR1389937,0.6664,NORMAL
ERR1389942,0.6853,NORMAL
ERR1389943,0.698,NORMAL
ERR1389944,0.7458,OTHER
ERR1389950,0.6839,NORMAL
ERR1389952,0.7075,NORMAL
ERR1389954,0.7822,OTHER
ERR1389962,0.7149,NORMAL
ERR1389963,0.8209,OTHER
ERR1389964,0.6127,NORMAL
ERR1389966,0.6589,NORMAL
ERR1389967,0.7663,OTHER
ERR1389968,0.6562,NORMAL
ERR1389969,0.6959,NORMAL
ERR1389980,0.7525,OTHER
ERR1389981,0.6684,NORMAL
ERR1389982,0.7973,OTHER
ERR1389983,0.8087,OTHER
ERR1389984,0.5939,NORMAL
ERR1389985,0.6136,NORMAL
ERR1389989,0.7933,OTHER
ERR1389990,0.8114,OTHER
ERR1389995,0.6768,NORMAL
ERR1389999,0.5489,NORMAL
ERR1390000,0.5218,NORMAL
ERR1390003,0.3722,NORMAL
ERR1390007,0.6237,NORMAL
ERR1390009,0.8602,OTHER
ERR1390010,0.7879,OTHER
ERR1390011,0.6542,NORMAL
ERR1390012,0.7007,NORMAL
ERR1390016,0.754,OTHER
ERR1390024,0.951,DEVIANT
ERR1390028,0.8441,OTHER
ERR1417413,0.7275,OTHER
ERR1417414,0.6342,NORMAL
ERR1417417,0.6025,NORMAL
ERR1417418,0.703,NORMAL
ERR1417420,0.6359,NORMAL
ERR1417424,0.757,OTHER
ERR1417430,0.6014,NORMAL
ERR1417432,0.7243,NORMAL
ERR1417433,0.7556,OTHER
ERR1417434,0.795,OTHER
ERR1417436,0.86,OTHER
ERR1417443,0.6776,NORMAL
ERR1417453,0.7136,NORMAL
ERR1417456,0.7263,OTHER
ERR1417460,0.6965,NORMAL
ERR1417464,0.6682,NORMAL
ERR1417469,0.7446,OTHER
ERR1417478,0.6234,NORMAL
ERR1417480,0.6057,NORMAL
ERR1417481,0.6291,NORMAL
ERR1417504,0.641,NORMAL
ERR1417509,0.8374,OTHER
ERR1417510,0.5819,NORMAL
ERR1417516,0.6667,NORMAL
ERR1417519,0.6937,NORMAL
ERR1417521,0.5864,NORMAL
ERR1417533,0.9055,DEVIANT
ERR1417534,0.7313,OTHER
ERR1417538,0.7415,OTHER
ERR1417541,0.6472,NORMAL
ERR1417545,0.8197,OTHER
ERR1417550,0.6309,NORMAL
ERR1417571,0.7193,NORMAL
ERR1417573,0.6665,NORMAL
ERR1417574,0.5837,NORMAL
ERR1417584,0.6883,NORMAL
ERR1417586,0.7539,OTHER
ERR1417589,0.7663,OTHER
ERR1417592,0.6232,NORMAL
ERR1417595,0.6328,NORMAL
ERR1417597,0.6014,NORMAL
ERR1417598,0.6532,NORMAL
ERR1417600,0.6406,NORMAL
ERR1417604,0.8023,OTHER
ERR1417607,0.7657,OTHER
ERR1417622,0.7451,OTHER
ERR1417623,0.8039,OTHER
ERR1417624,0.7536,OTHER
ERR1417626,0.7265,OTHER
ERR1417628,0.7073,NORMAL
ERR1417630,0.751,OTHER
ERR1417633,0.7729,OTHER
ERR1417639,0.8713,OTHER
ERR1417642,0.7153,NORMAL
ERR1417652,0.683,NORMAL
ERR1417653,0.6995,NORMAL
ERR1417655,0.7638,OTHER
ERR1417657,0.6704,NORMAL
ERR1417660,0.7323,OTHER
ERR1417661,0.8715,OTHER
ERR1417662,0.6745,NORMAL
ERR1417663,0.7393,OTHER
ERR1417664,0.7354,OTHER
ERR1417665,0.6179,NORMAL
ERR1458737,0.6784,NORMAL
ERR1458746,0.6831,NORMAL
ERR1458747,0.7635,OTHER
ERR1458752,0.7208,NORMAL
ERR1458760,0.6842,NORMAL
ERR1458772,0.8959,DEVIANT
ERR1458773,0.749,OTHER
ERR1458789,0.6737,NORMAL
ERR1458793,0.5885,NORMAL
ERR1458795,0.7725,OTHER
ERR1458797,0.7183,NORMAL
ERR1458799,0.992,DEVIANT
ERR1458806,0.6189,NORMAL
ERR1458808,0.6094,NORMAL
ERR1458813,0.6785,NORMAL
ERR1458818,0.6319,NORMAL
ERR1458819,0.7347,OTHER
ERR1458821,0.6989,NORMAL
ERR1458834,0.7805,OTHER
ERR1458838,0.6405,NORMAL
ERR1458849,0.7784,OTHER
ERR1458854,0.6941,NORMAL
ERR1458855,0.6453,NORMAL
ERR1458867,0.7412,OTHER
ERR1458875,0.7719,OTHER
ERR1458889,0.816,OTHER
ERR1458892,0.655,NORMAL
ERR1458899,0.6515,NORMAL
ERR1458905,0.6047,NORMAL
ERR1458906,0.7318,OTHER
ERR1458908,0.7036,NORMAL
ERR1458909,0.7305,OTHER
ERR1458914,0.6079,NORMAL
ERR1458915,0.4675,NORMAL
ERR1458919,0.7292,OTHER
ERR1458920,0.7065,NORMAL
ERR1458923,0.7894,OTHER
ERR1458925,0.6472,NORMAL
ERR1458930,0.7369,OTHER
ERR1458932,0.6235,NORMAL
ERR1458936,0.6312,NORMAL
ERR1458941,0.5452,NORMAL
ERR1458946,0.6479,NORMAL
ERR1458949,0.8398,OTHER
ERR1458963,0.7252,NORMAL
ERR1458977,0.6479,NORMAL
ERR1458981,0.6247,NORMAL
ERR1458993,0.6481,NORMAL
ERR1458995,0.8151,OTHER
ERR1458997,0.656,NORMAL
ERR1459004,0.7114,NORMAL
ERR1459005,0.8658,OTHER
ERR1459006,0.6787,NORMAL
ERR1459011,0.8188,OTHER
ERR1459014,0.7233,NORMAL
ERR1459018,0.7498,OTHER
ERR1459019,0.743,OTHER
ERR1459023,0.814,OTHER
ERR1459024,0.6833,NORMAL
ERR1459027,0.7348,OTHER
ERR1459031,0.6295,NORMAL
ERR1459034,0.6716,NORMAL
ERR1459037,0.6195,NORMAL
ERR1459042,0.7052,NORMAL
ERR1459046,0.678,NORMAL
ERR1459048,0.7511,OTHER
ERR1459052,0.6244,NORMAL
ERR1459054,0.7781,OTHER
ERR1459060,0.6073,NORMAL
ERR1459063,0.6914,NORMAL
ERR1459067,0.6912,NORMAL
ERR1459076,0.7975,OTHER
ERR1459077,0.7862,OTHER
ERR1459078,0.771,OTHER
ERR1459080,0.7123,NORMAL
ERR1459081,0.6766,NORMAL
ERR1459087,0.6682,NORMAL
ERR1459088,0.67,NORMAL
ERR1459089,0.6832,NORMAL
ERR1459098,0.5836,NORMAL
ERR1459105,0.6121,NORMAL
ERR1459108,0.7763,OTHER
ERR1459111,0.7472,OTHER
ERR1459113,0.6537,NORMAL
ERR1459115,0.6756,NORMAL
ERR1459116,0.771,OTHER
ERR1459117,0.6165,NORMAL
ERR1459119,0.7808,OTHER
ERR1459123,0.6646,NORMAL
ERR1459128,0.8437,OTHER
ERR1459135,0.677,NORMAL
ERR1459138,0.6855,NORMAL
ERR1459142,0.7576,OTHER
ERR1459144,0.6745,NORMAL
ERR1459151,0.6375,NORMAL
ERR1459164,0.7799,OTHER
ERR1459171,0.828,OTHER
ERR1459173,0.7658,OTHER
ERR1459178,0.7616,OTHER
ERR1459181,0.7502,OTHER
ERR1459182,0.6941,NORMAL
ERR1459183,0.7056,NORMAL
ERR1459184,0.7345,OTHER
ERR1459187,0.673,NORMAL
ERR1459190,0.7214,NORMAL
ERR1459191,0.9507,DEVIANT
ERR1459196,0.7051,NORMAL
ERR1459197,0.6728,NORMAL
ERR1459198,0.7627,OTHER
ERR1459199,0.7249,NORMAL
ERR1459206,0.9902,DEVIANT
ERR1459224,0.793,OTHER
ERR1459225,0.8359,OTHER
ERR1545704,0.8106,OTHER
ERR1545728,0.9913,DEVIANT
ERR1545730,0.9919,DEVIANT
ERR1545760,0.9903,DEVIANT
ERR1545865,0.7473,OTHER
ERR1545867,0.9963,DEVIANT
ERR1545868,0.9909,DEVIANT
ERR1545870,0.8883,DEVIANT
ERR1545881,0.8935,DEVIANT
ERR1545885,0.9944,DEVIANT
ERR1545886,0.99,DEVIANT
ERR1545926,0.9803,DEVIANT
ERR1545947,0.9909,DEVIANT
ERR1545991,0.9916,DEVIANT
ERR1545992,0.9854,DEVIANT
ERR1545993,0.9896,DEVIANT
ERR1546012,0.9955,DEVIANT
ERR1546013,0.9927,DEVIANT
ERR1546015,0.9539,DEVIANT
ERR1546028,0.9925,DEVIANT
ERR1546032,0.994,DEVIANT
ERR1546035,0.9928,DEVIANT
ERR1546042,0.9933,DEVIANT
ERR1546046,0.9897,DEVIANT
ERR1546049,0.9905,DEVIANT
ERR1546050,0.9884,DEVIANT
ERR1546052,0.9911,DEVIANT
ERR1546053,0.9916,DEVIANT
ERR1546055,0.994,DEVIANT
ERR1546056,0.9887,DEVIANT
ERR1546059,0.9924,DEVIANT
ERR1546060,0.9937,DEVIANT
ERR1546064,0.9938,DEVIANT
ERR1546067,0.9943,DEVIANT
ERR1546068,0.9938,DEVIANT
ERR1546070,0.9898,DEVIANT
ERR1551485,0.8057,OTHER
ERR1551500,0.8114,OTHER
ERR1551517,0.771,OTHER
ERR1551529,0.6274,NORMAL
ERR1551574,0.8207,OTHER
ERR1551589,0.7265,OTHER
ERR1551670,0.6152,NORMAL
ERR1551692,0.667,NORMAL
ERR1596984,0.7196,NORMAL
ERR1596990,0.6628,NORMAL
ERR1597001,0.802,OTHER
ERR1597002,0.7529,OTHER
ERR1597005,0.7819,OTHER
ERR1597006,0.6772,NORMAL
ERR1597011,0.6743,NORMAL
ERR1597012,0.9896,DEVIANT
ERR1597015,0.6129,NORMAL
ERR1597017,0.9035,DEVIANT
ERR1597037,0.6268,NORMAL
ERR1597048,0.7917,OTHER
ERR1597054,0.7932,OTHER
ERR1597056,0.8128,OTHER
ERR1597058,0.6947,NORMAL
ERR1597059,0.7542,OTHER
ERR1597070,0.6207,NORMAL
ERR1597074,0.6861,NORMAL
ERR1597083,0.6146,NORMAL
ERR1597092,0.6824,NORMAL
ERR1597103,0.6547,NORMAL
ERR1597111,0.7853,OTHER
ERR1597115,0.7259,OTHER
ERR1597121,0.6866,NORMAL
ERR1597140,0.7447,OTHER
ERR1597141,0.7537,OTHER
ERR1597143,0.712,NORMAL
ERR1597145,0.6088,NORMAL
ERR1597146,0.8728,OTHER
ERR1597198,0.81,OTHER
ERR1597230,0.7089,NORMAL
ERR1597233,0.68,NORMAL
ERR1597234,0.771,OTHER
ERR1597278,0.6758,NORMAL
ERR1678407,0.7502,OTHER
ERR1678408,0.7455,OTHER
ERR1678409,0.7029,NORMAL
ERR1678421,0.6004,NORMAL
ERR1678424,0.6663,NORMAL
ERR1678429,0.6478,NORMAL
ERR1678430,0.7402,OTHER
ERR1678431,0.792,OTHER
ERR1678434,0.7805,OTHER
ERR1678435,0.6756,NORMAL
ERR1678436,0.7109,NORMAL
ERR1678437,0.6488,NORMAL
ERR1678439,0.8306,OTHER
ERR1678440,0.6917,NORMAL
ERR1678441,0.6927,NORMAL
ERR1678444,0.7181,NORMAL
ERR1678447,0.6454,NORMAL
ERR1678448,0.6778,NORMAL
ERR1678451,0.7041,NORMAL
ERR1678452,0.7023,NORMAL
ERR1678455,0.7525,OTHER
ERR1678458,0.7877,OTHER
ERR1678459,0.9336,DEVIANT
ERR1678465,0.4897,NORMAL
ERR1678467,0.7269,OTHER
ERR1678469,0.7514,OTHER
ERR1678471,0.8427,OTHER
ERR1678475,0.6683,NORMAL
ERR1678476,0.7308,OTHER
ERR1678486,0.7572,OTHER
ERR1678487,0.6853,NORMAL
ERR1678491,0.754,OTHER
ERR1678492,0.6916,NORMAL
ERR1678493,0.7801,OTHER
ERR1678494,0.6381,NORMAL
ERR1842115,0.6665,NORMAL
ERR1842120,0.7191,NORMAL
ERR1842126,0.7235,NORMAL
ERR1842127,0.6913,NORMAL
ERR1842130,0.6097,NORMAL
ERR1842144,0.7459,OTHER
ERR1842147,0.6327,NORMAL
ERR1842157,0.7932,OTHER
ERR1842161,0.7849,OTHER
ERR1842163,0.7619,OTHER
ERR1842166,0.6963,NORMAL
ERR1842167,0.629,NORMAL
ERR1842173,0.7022,NORMAL
ERR1842179,0.7235,NORMAL
ERR1842195,0.836,OTHER
ERR1842197,0.8794,OTHER
ERR1842198,0.6623,NORMAL
ERR1842202,0.6798,NORMAL
ERR1842203,0.7384,OTHER
ERR1842205,0.6454,NORMAL
ERR1842206,0.696,NORMAL
ERR1842221,0.8204,OTHER
ERR1842223,0.6725,NORMAL
ERR1842225,0.6934,NORMAL
ERR1842230,0.744,OTHER
ERR1842237,0.6045,NORMAL
ERR1842238,0.7005,NORMAL
ERR1842239,0.7349,OTHER
ERR1842247,0.7383,OTHER
ERR1842248,0.6563,NORMAL
ERR1842250,0.7507,OTHER
ERR1842251,0.6468,NORMAL
ERR1842252,0.7699,OTHER
ERR1842262,0.6872,NORMAL
ERR1842263,0.7332,OTHER
ERR1842264,0.6895,NORMAL
ERR1842269,0.6499,NORMAL
ERR1842270,0.7731,OTHER
ERR1842274,0.7155,NORMAL
ERR1842280,0.7382,OTHER
ERR1842294,0.777,OTHER
ERR1842300,0.6274,NORMAL
ERR1842305,0.652,NORMAL
ERR1842306,0.7839,OTHER
ERR1842311,0.6606,NORMAL
ERR1842314,0.7634,OTHER
ERR1842323,0.6805,NORMAL
ERR1842326,0.5799,NORMAL
ERR1842327,0.5363,NORMAL
ERR1842330,0.8069,OTHER
ERR1842332,0.6081,NORMAL
ERR1842333,0.6543,NORMAL
ERR1842338,0.6745,NORMAL
ERR1842353,0.7122,NORMAL
ERR1842354,0.8967,DEVIANT
ERR1842358,0.6643,NORMAL
ERR1842368,0.7525,OTHER
ERR1842373,0.7288,OTHER
ERR1842374,0.7848,OTHER
ERR1842375,0.63,NORMAL
ERR1842377,0.6935,NORMAL
ERR1842379,0.6384,NORMAL
ERR1842380,0.6918,NORMAL
ERR1842384,0.6982,NORMAL
ERR1842388,0.7527,OTHER
ERR1842392,0.6631,NORMAL
ERR1842393,0.7502,OTHER
ERR1842395,0.6466,NORMAL
ERR1842396,0.6588,NORMAL
ERR1842398,0.7104,NORMAL
ERR1842402,0.6563,NORMAL
ERR1842403,0.6224,NORMAL
ERR1842407,0.6948,NORMAL
ERR1842414,0.6504,NORMAL
ERR1842416,0.5564,NORMAL
ERR1842418,0.7211,NORMAL
ERR1842431,0.735,OTHER
ERR1842436,0.7127,NORMAL
ERR1842440,0.6816,NORMAL
ERR1842442,0.6896,NORMAL
ERR1842448,0.6495,NORMAL
ERR1842450,0.5609,NORMAL
ERR1842463,0.5684,NORMAL
ERR1842467,0.7183,NORMAL
ERR1842469,0.6183,NORMAL
ERR1842472,0.7452,OTHER
ERR1842473,0.7684,OTHER
ERR1842481,0.6986,NORMAL
ERR1842492,0.7835,OTHER
ERR1842517,0.6285,NORMAL
ERR1842542,0.6483,NORMAL
ERR1842551,0.7396,OTHER
ERR1842566,0.63,NORMAL
ERR1842575,0.6472,NORMAL
ERR1842577,0.6248,NORMAL
ERR1842582,0.6653,NORMAL
ERR1842592,0.5782,NORMAL
ERR1842593,0.7007,NORMAL
ERR1842594,0.8435,OTHER
ERR1842596,0.7839,OTHER
ERR1842605,0.6404,NORMAL
ERR1842606,0.734,OTHER
ERR1842618,0.6942,NORMAL
ERR1842619,0.7292,OTHER
ERR1842621,0.6798,NORMAL
ERR1842625,0.8697,OTHER
ERR1842627,0.6607,NORMAL
ERR1842628,0.7571,OTHER
ERR1842629,0.8187,OTHER
ERR1842631,0.7369,OTHER
ERR1842636,0.6842,NORMAL
ERR1842637,0.6592,NORMAL
ERR1842638,0.5315,NORMAL
ERR1842639,0.8511,OTHER
ERR1842682,0.6766,NORMAL
ERR1842684,0.8186,OTHER
ERR1842692,0.8307,OTHER
ERR1842701,0.794,OTHER
ERR1842702,0.9038,DEVIANT
ERR1842705,0.8434,OTHER
ERR1842716,0.836,OTHER
ERR1842719,0.6702,NORMAL
ERR1842722,0.8932,DEVIANT
ERR1842723,0.767,OTHER
ERR1842725,0.7283,OTHER
ERR1842726,0.7465,OTHER
ERR1842727,0.9173,DEVIANT
ERR1842728,0.7725,OTHER
ERR1842729,0.6257,NORMAL
ERR1842731,0.7675,OTHER
ERR1842732,0.7011,NORMAL
ERR1842743,0.7542,OTHER
ERR1842745,0.7403,OTHER
ERR1842749,0.9055,DEVIANT
ERR1842751,0.7911,OTHER
ERR1842752,0.8061,OTHER
ERR1842754,0.7602,OTHER
ERR1842767,0.8123,OTHER
ERR1842768,0.7903,OTHER
ERR1842776,0.7499,OTHER
ERR1842780,0.804,OTHER
ERR1842781,0.7764,OTHER
ERR1842785,0.6675,NORMAL
ERR1842786,0.7386,OTHER
ERR1842789,0.7091,NORMAL
ERR1842791,0.7382,OTHER
ERR1842795,0.7312,OTHER
ERR1842797,0.7459,OTHER
ERR1842800,0.7893,OTHER
ERR1842803,0.6826,NORMAL
ERR1842806,0.7747,OTHER
ERR1842810,0.8056,OTHER
ERR1842811,0.8501,OTHER
ERR1842812,0.7913,OTHER
ERR1842813,0.858,OTHER
ERR1842833,0.8393,OTHER
ERR1842834,0.8784,OTHER
ERR1842835,0.6849,NORMAL
ERR1842847,0.7559,OTHER
ERR1842848,0.8397,OTHER
ERR1842849,0.7466,OTHER
ERR1842860,0.9173,DEVIANT
ERR1842868,0.7731,OTHER
ERR1842871,0.8041,OTHER
ERR1842875,0.8,OTHER
ERR1842880,0.683,NORMAL
ERR1842883,0.6988,NORMAL
ERR1842887,0.826,OTHER
ERR1842889,0.6246,NORMAL
ERR1842891,0.7727,OTHER
ERR1842905,0.7579,OTHER
ERR1842909,0.6895,NORMAL
ERR1845199,0.6486,NORMAL
ERR1845213,0.5697,NORMAL
ERR1845295,0.6485,NORMAL
ERR1845310,0.7662,OTHER
ERR1845332,0.7698,OTHER
ERR1845371,0.7355,OTHER
ERR1845383,0.7832,OTHER
ERR1845731,0.846,OTHER
ERR1845741,0.8168,OTHER
ERR1845747,0.872,OTHER
ERR1845748,0.7298,OTHER
ERR1845760,0.8533,OTHER
ERR1845763,0.7702,OTHER
ERR1845767,0.7731,OTHER
ERR1845769,0.8141,OTHER
ERR1845777,0.911,DEVIANT
ERR1845778,0.739,OTHER
ERR1845779,0.7275,OTHER
ERR1845784,0.7746,OTHER
ERR1845785,0.7831,OTHER
ERR1845787,0.8697,OTHER
ERR1845788,0.8837,OTHER
ERR1845805,0.6579,NORMAL
ERR1845819,0.7685,OTHER
ERR1845820,0.722,NORMAL
ERR1845824,0.9288,DEVIANT
ERR1845825,0.6962,NORMAL
ERR1845830,0.6333,NORMAL
ERR1845834,0.7703,OTHER
ERR1845838,0.7605,OTHER
ERR1845840,0.6881,NORMAL
ERR1845841,0.6644,NORMAL
ERR1845849,0.7801,OTHER
ERR1845853,0.7524,OTHER
ERR1845856,0.6717,NORMAL
ERR1845862,0.6769,NORMAL
ERR1845863,0.785,OTHER
ERR1845870,0.713,NORMAL
ERR1845878,0.7794,OTHER
ERR1845882,0.6441,NORMAL
ERR1845892,0.6747,NORMAL
ERR1845893,0.6968,NORMAL
ERR1845895,0.8105,OTHER
ERR1845897,0.8216,OTHER
ERR1845898,0.7824,OTHER
ERR1845900,0.7203,NORMAL
ERR1845902,0.706,NORMAL
ERR1845907,0.6256,NORMAL
ERR1845913,0.6253,NORMAL
ERR1845918,0.5128,NORMAL
ERR1845925,0.829,OTHER
ERR1845926,0.6787,NORMAL
ERR1845927,0.7571,OTHER
ERR1845928,0.7303,OTHER
ERR1845931,0.7856,OTHER
ERR1845932,0.8436,OTHER
ERR1845933,0.6576,NORMAL
ERR1845934,0.679,NORMAL
ERR1845937,0.7791,OTHER
ERR1845938,0.6802,NORMAL
ERR1845939,0.8796,OTHER
ERR1845943,0.6935,NORMAL
ERR1845944,0.7907,OTHER
ERR1845945,0.7188,NORMAL
ERR1845946,0.7676,OTHER
ERR1845948,0.7177,NORMAL
ERR1845953,0.7264,OTHER
ERR1845958,0.7334,OTHER
ERR1845961,0.7736,OTHER
ERR1845965,0.5529,NORMAL
ERR1845966,0.8631,OTHER
ERR1845967,0.7829,OTHER
ERR1845968,0.8653,OTHER
ERR1845969,0.6985,NORMAL
ERR1845974,0.915,DEVIANT
ERR1845980,0.7132,NORMAL
ERR1845986,0.7539,OTHER
ERR1845991,0.7072,NORMAL
ERR1845994,0.6781,NORMAL
ERR1845996,0.7096,NORMAL
ERR1845997,0.7487,OTHER
ERR1846002,0.6657,NORMAL
ERR1846011,0.7004,NORMAL
ERR1846013,0.6196,NORMAL
ERR1846020,0.703,NORMAL
ERR1846025,0.7011,NORMAL
ERR1846026,0.7891,OTHER
ERR1846029,0.988,DEVIANT
ERR1846034,0.7117,NORMAL
ERR1846038,0.7351,OTHER
ERR1846040,0.7019,NORMAL
ERR1846049,0.8225,OTHER
ERR1846050,0.7252,NORMAL
ERR1846054,0.7694,OTHER
ERR1846055,0.7652,OTHER
ERR1846068,0.7711,OTHER
ERR1846069,0.7843,OTHER
ERR1846070,0.6974,NORMAL
ERR1846071,0.8085,OTHER
ERR1846079,0.7738,OTHER
ERR1846086,0.8191,OTHER
ERR1846089,0.6396,NORMAL
ERR1846091,0.7164,NORMAL
ERR1846092,0.8061,OTHER
ERR1846095,0.7804,OTHER
ERR1846096,0.7735,OTHER
ERR1846112,0.8514,OTHER
ERR1846117,0.6228,NORMAL
ERR1846129,0.8782,OTHER
ERR1846130,0.7696,OTHER
ERR1846144,0.7356,OTHER
ERR1846147,0.6726,NORMAL
ERR1846149,0.6924,NORMAL
ERR1846151,0.5695,NORMAL
ERR1846174,0.8855,OTHER
ERR1846176,0.6994,NORMAL
ERR1846183,0.6859,NORMAL
ERR1846184,0.7076,NORMAL
ERR1846190,0.8168,OTHER
ERR1846191,0.6414,NORMAL
ERR1846193,0.7401,OTHER
ERR1846194,0.7055,NORMAL
ERR1846208,0.7707,OTHER
ERR1846209,0.6651,NORMAL
ERR1846214,0.6161,NORMAL
ERR1846215,0.6423,NORMAL
ERR1846217,0.8617,OTHER
ERR1846221,0.7834,OTHER
ERR1852402,0.7056,NORMAL
ERR1852404,0.5735,NORMAL
ERR1852428,0.8128,OTHER
ERR1852431,0.81,OTHER
ERR1852470,0.7287,OTHER
ERR2032136,0.6221,NORMAL
ERR2032141,0.9622,DEVIANT
ERR2032143,0.6949,NORMAL
ERR2032144,0.8982,DEVIANT
ERR2032146,0.7378,OTHER
ERR2032147,0.7183,NORMAL
ERR2032148,0.8828,OTHER
ERR2032149,0.8978,DEVIANT
ERR2032151,0.8088,OTHER
ERR2032156,0.758,OTHER
ERR2032157,0.7313,OTHER
ERR2032158,0.6718,NORMAL
ERR2032161,0.634,NORMAL
ERR2032165,0.5945,NORMAL
ERR2032169,0.6813,NORMAL
ERR2032170,0.7064,NORMAL
ERR2032174,0.5497,NORMAL
ERR2032179,0.716,NORMAL
ERR2032183,0.721,NORMAL
ERR2032185,0.6156,NORMAL
ERR2032187,0.768,OTHER
ERR2032188,0.616,NORMAL
ERR2032192,0.7245,NORMAL
ERR2032193,0.6363,NORMAL
ERR2032198,0.7263,OTHER
ERR2032203,0.7137,NORMAL
ERR2032206,0.7442,OTHER
ERR2032209,0.7592,OTHER
ERR2032213,0.6349,NORMAL
ERR2032221,0.7353,OTHER
ERR2032224,0.7646,OTHER
ERR2032225,0.786,OTHER
ERR2032229,0.7213,NORMAL
ERR2032232,0.7838,OTHER
ERR2032233,0.6435,NORMAL
ERR2032236,0.8174,OTHER
ERR2032237,0.767,OTHER
ERR2032241,0.881,OTHER
ERR2032242,0.7576,OTHER
ERR2032245,0.6575,NORMAL
ERR2032262,0.6086,NORMAL
ERR2032266,0.6992,NORMAL
ERR2032268,0.766,OTHER
ERR2032276,0.6621,NORMAL
ERR2032279,0.7338,OTHER
ERR2032285,0.6282,NORMAL
ERR2032290,0.857,OTHER
ERR2032292,0.6453,NORMAL
ERR2032296,0.5796,NORMAL
ERR2032300,0.6761,NORMAL
ERR2032307,0.6868,NORMAL
ERR2032308,0.6505,NORMAL
ERR2032313,0.6492,NORMAL
ERR2032315,0.8929,DEVIANT
ERR2032316,0.6116,NORMAL
ERR2032322,0.6227,NORMAL
ERR2032326,0.5912,NORMAL
ERR2032331,0.8844,OTHER
ERR2032334,0.7917,OTHER
ERR2032338,0.5873,NORMAL
ERR2032342,0.7212,NORMAL
ERR2032354,0.8341,OTHER
ERR2032355,0.8548,OTHER
ERR2032359,0.7784,OTHER
ERR2032364,0.6857,NORMAL
ERR2032369,0.6871,NORMAL
ERR2032372,0.6576,NORMAL
ERR2032378,0.6861,NORMAL
ERR2032381,0.7035,NORMAL
ERR2032387,0.8363,OTHER
ERR2032390,0.6763,NORMAL
ERR2032393,0.6812,NORMAL
ERR2032396,0.6754,NORMAL
ERR2032401,0.6306,NORMAL
ERR2032404,0.6418,NORMAL
ERR2032420,0.7803,OTHER
ERR2032422,0.7639,OTHER
ERR2032424,0.6903,NORMAL
ERR2032428,0.7937,OTHER
ERR2032429,0.8006,OTHER
ERR2032433,0.7875,OTHER
ERR2032439,0.8255,OTHER
ERR2032462,0.614,NORMAL
ERR2032465,0.7385,OTHER
ERR2032471,0.7422,OTHER
ERR2032473,0.721,NORMAL
ERR2032477,0.693,NORMAL
ERR2032481,0.7297,OTHER
ERR2032489,0.7249,NORMAL
ERR2032492,0.7767,OTHER
ERR2032494,0.7232,NORMAL
ERR2032498,0.963,DEVIANT
ERR2032506,0.7685,OTHER
ERR2032514,0.9618,DEVIANT
ERR2032520,0.7453,OTHER
ERR2032521,0.6187,NORMAL
ERR2032522,0.659,NORMAL
ERR2032527,0.6967,NORMAL
ERR2032529,0.6148,NORMAL
ERR2032532,0.5986,NORMAL
ERR2032533,0.6965,NORMAL
ERR2032534,0.5874,NORMAL
ERR2032535,0.6762,NORMAL
ERR2032538,0.7777,OTHER
ERR2032540,0.951,DEVIANT
ERR2032541,0.6637,NORMAL
ERR2032544,0.6653,NORMAL
ERR2032546,0.8134,OTHER
ERR2032547,0.9663,DEVIANT
ERR2032549,0.6508,NORMAL
ERR2032550,0.7939,OTHER
ERR2032551,0.6699,NORMAL
ERR2032552,0.8668,OTHER
ERR2032554,0.7876,OTHER
ERR2032555,0.6562,NORMAL
ERR2032557,0.6911,NORMAL
ERR2032559,0.7884,OTHER
ERR2032563,0.8479,OTHER
ERR2032564,0.7082,NORMAL
ERR2032565,0.7474,OTHER
ERR2032566,0.7236,NORMAL
ERR2032567,0.6702,NORMAL
ERR2032568,0.5939,NORMAL
ERR2032569,0.6938,NORMAL
ERR2032570,0.7472,OTHER
ERR2032571,0.6773,NORMAL
ERR2032572,0.7791,OTHER
ERR2032573,0.7358,OTHER
ERR2032574,0.7354,OTHER
ERR2032575,0.8925,DEVIANT
ERR2032576,0.5926,NORMAL
ERR2032577,0.6591,NORMAL
ERR2032578,0.7524,OTHER
ERR2032579,0.5933,NORMAL
ERR2032580,0.6837,NORMAL
ERR2032581,0.8456,OTHER
ERR2032583,0.7696,OTHER
ERR2032585,0.7677,OTHER
ERR2032586,0.8427,OTHER
ERR2032588,0.6169,NORMAL
ERR2032590,0.7172,NORMAL
ERR2032592,0.7552,OTHER
ERR2032593,0.745,OTHER
ERR2032595,0.679,NORMAL
ERR2032597,0.7606,OTHER
ERR2032599,0.7038,NORMAL
ERR2032608,0.6486,NORMAL
ERR2032609,0.8731,OTHER
ERR2032613,0.545,NORMAL
ERR2032617,0.8406,OTHER
ERR2032635,0.7867,OTHER
ERR2032668,0.8221,OTHER
ERR2032697,0.688,NORMAL
ERR2032699,0.7904,OTHER
ERR2032700,0.6867,NORMAL
ERR2032706,0.6241,NORMAL
ERR2032707,0.7136,NORMAL
ERR2032717,0.7952,OTHER
ERR2032720,0.625,NORMAL
ERR2032722,0.5795,NORMAL
ERR2032725,0.736,OTHER
ERR2032726,0.7135,NORMAL
ERR2032727,0.7355,OTHER
ERR2032728,0.7663,OTHER
ERR2032730,0.7844,OTHER
ERR2032732,0.6131,NORMAL
ERR2032733,0.7733,OTHER
ERR2032734,0.7239,NORMAL
ERR2032740,0.8016,OTHER
ERR2032741,0.6598,NORMAL
ERR2032742,0.9091,DEVIANT
ERR2032744,0.6821,NORMAL
ERR2032745,0.9005,DEVIANT
ERR2032746,0.6751,NORMAL
ERR2032747,0.8616,OTHER
ERR2032750,0.6993,NORMAL
ERR2032751,0.7245,NORMAL
ERR2032755,0.7411,OTHER
ERR2032757,0.8801,OTHER
ERR2032759,0.8123,OTHER
ERR2032766,0.5754,NORMAL
ERR2032767,0.6428,NORMAL
ERR2032769,0.6403,NORMAL
ERR2032770,0.7955,OTHER
ERR2032772,0.7625,OTHER
ERR2032775,0.7798,OTHER
ERR2032778,0.7356,OTHER
ERR2032782,0.7641,OTHER
ERR2032783,0.6435,NORMAL
ERR2032785,0.6343,NORMAL
ERR2032786,0.7581,OTHER
ERR2032791,0.6642,NORMAL
ERR2032797,0.7088,NORMAL
ERR2032798,0.7882,OTHER
ERR2032800,0.8115,OTHER
ERR2032801,0.7489,OTHER
ERR2032802,0.7819,OTHER
ERR2032807,0.6907,NORMAL
ERR2032813,0.6452,NORMAL
ERR2032816,0.7257,NORMAL
ERR2032818,0.7288,OTHER
ERR2032819,0.6603,NORMAL
ERR2032826,0.8432,OTHER
ERR2032827,0.7017,NORMAL
ERR2032828,0.915,DEVIANT
ERR2032829,0.9196,DEVIANT
ERR2032830,0.8641,OTHER
ERR2032831,0.7996,OTHER
ERR2032835,0.8879,OTHER
ERR2032836,0.9575,DEVIANT
ERR2032837,0.8748,OTHER
ERR2032838,0.687,NORMAL
ERR2032840,0.7024,NORMAL
ERR2032842,0.7713,OTHER
ERR2032843,0.7932,OTHER
ERR2032844,0.7396,OTHER
ERR2032845,0.9068,DEVIANT
ERR2032847,0.867,OTHER
ERR2032848,0.7548,OTHER
ERR2032849,0.5956,NORMAL
ERR2032850,0.7013,NORMAL
ERR2032852,0.9235,DEVIANT
ERR2032853,0.8749,OTHER
ERR2032854,0.8002,OTHER
ERR2032855,0.8961,DEVIANT
ERR2032856,0.6214,NORMAL
ERR2032857,0.6312,NORMAL
ERR2032859,0.6985,NORMAL
ERR2032861,0.7445,OTHER
ERR2032862,0.8504,OTHER
ERR2032868,0.588,NORMAL
ERR2032869,0.6636,NORMAL
ERR2032890,0.6794,NORMAL
ERR2032892,0.7513,OTHER
ERR2032895,0.6504,NORMAL
ERR2032897,0.7082,NORMAL
ERR2032905,0.7362,OTHER
ERR2032910,0.9625,DEVIANT
ERR2032912,0.8887,DEVIANT
ERR2032913,0.7431,OTHER
ERR2032915,0.8333,OTHER
ERR2032925,0.7368,OTHER
ERR2032926,0.8615,OTHER
ERR2032927,0.7145,NORMAL
ERR2032928,0.7195,NORMAL
ERR2032932,0.7319,OTHER
ERR2032935,0.5369,NORMAL
ERR2032942,0.757,OTHER
ERR2032946,0.832,OTHER
ERR2032947,0.7959,OTHER
ERR2033212,0.8039,OTHER
ERR2033214,0.6475,NORMAL
ERR2033215,0.7161,NORMAL
ERR2033253,0.9521,DEVIANT
ERR2033290,0.6845,NORMAL
ERR2033319,0.6482,NORMAL
ERR2033347,0.8661,OTHER
ERR2033375,0.703,NORMAL
ERR2033385,0.7811,OTHER
ERR2033427,0.9505,DEVIANT
ERR2033437,0.7143,NORMAL
ERR2033447,0.745,OTHER
ERR2033459,0.705,NORMAL
ERR2033460,0.7901,OTHER
ERR2033465,0.5505,NORMAL
ERR2033466,0.7872,OTHER
ERR2033467,0.6999,NORMAL
ERR2033469,0.657,NORMAL
ERR2033472,0.7578,OTHER
ERR2033473,0.82,OTHER
ERR2033474,0.8033,OTHER
ERR2033475,0.6828,NORMAL
ERR2033486,0.6739,NORMAL
ERR2033546,0.6708,NORMAL
ERR2033550,0.6993,NORMAL
ERR2033575,0.8715,OTHER
ERR2033600,0.7749,OTHER
ERR2033610,0.8188,OTHER
ERR2033626,0.7584,OTHER
ERR2033628,0.6742,NORMAL
ERR2033629,0.7514,OTHER
ERR2033631,0.6908,NORMAL
ERR2033636,0.6763,NORMAL
ERR2056773,0.8757,OTHER
ERR2056786,0.9909,DEVIANT
ERR2056790,0.7031,NORMAL
ERR2056808,0.8412,OTHER
ERR2056809,0.6419,NORMAL
ERR2056810,0.6721,NORMAL
ERR2056811,0.695,NORMAL
ERR2056817,0.8427,OTHER
ERR2056826,0.559,NORMAL
ERR2056830,0.6748,NORMAL
ERR2056846,0.8147,OTHER
ERR2056852,0.718,NORMAL
ERR2056853,0.5827,NORMAL
ERR2056854,0.8016,OTHER
ERR2056864,0.7134,NORMAL
ERR2056876,0.654,NORMAL
ERR2056883,0.8309,OTHER
ERR2056886,0.9374,DEVIANT
ERR2056888,0.9054,DEVIANT
ERR2056906,0.7741,OTHER
ERR2056911,0.731,OTHER
ERR2056915,0.709,NORMAL
ERR2056919,0.7792,OTHER
ERR2056939,0.5386,NORMAL
ERR2056941,0.6832,NORMAL
ERR2056948,0.8728,OTHER
ERR2056951,0.7915,OTHER
ERR2056955,0.7293,OTHER
ERR2056959,0.7988,OTHER
ERR2056962,0.6199,NORMAL
ERR2056963,0.6817,NORMAL
ERR2056972,0.9232,DEVIANT
ERR2056982,0.7145,NORMAL
ERR2056987,0.7054,NORMAL
ERR2056990,0.8664,OTHER
ERR2056992,0.6933,NORMAL
ERR2056993,0.9208,DEVIANT
ERR2056996,0.9425,DEVIANT
ERR2057004,0.7574,OTHER
ERR2057008,0.6214,NORMAL
ERR2057011,0.7893,OTHER
ERR2057014,0.7553,OTHER
ERR2057016,0.7481,OTHER
ERR2057018,0.6892,NORMAL
ERR2057020,0.6788,NORMAL
ERR2057022,0.7788,OTHER
ERR2057028,0.8027,OTHER
ERR2057043,0.8561,OTHER
ERR2057047,0.9479,DEVIANT
ERR2057048,0.7164,NORMAL
ERR2057056,0.6586,NORMAL
ERR2057064,0.882,OTHER
ERR2057065,0.6897,NORMAL
ERR2057066,0.7158,NORMAL
ERR2057068,0.6436,NORMAL
ERR2057069,0.6729,NORMAL
ERR2057074,0.7351,OTHER
ERR2057078,0.6926,NORMAL
ERR2057080,0.7652,OTHER
ERR2057081,0.6684,NORMAL
ERR2057085,0.7041,NORMAL
ERR2057091,0.748,OTHER
ERR2057092,0.6596,NORMAL
ERR2057093,0.7882,OTHER
ERR2057103,0.7258,OTHER
ERR2057105,0.7308,OTHER
ERR2057109,0.8819,OTHER
ERR2057110,0.8254,OTHER
ERR2057111,0.6219,NORMAL
ERR2057113,0.6946,NORMAL
ERR2057116,0.8075,OTHER
ERR2057117,0.7419,OTHER
ERR2057120,0.7409,OTHER
ERR2057130,0.6925,NORMAL
ERR2057131,0.806,OTHER
ERR2057138,0.7207,NORMAL
ERR2057141,0.7786,OTHER
ERR2057146,0.7535,OTHER
ERR2057147,0.8304,OTHER
ERR2057149,0.5774,NORMAL
ERR2057152,0.6704,NORMAL
ERR2057153,0.7664,OTHER
ERR2057154,0.7029,NORMAL
ERR2057159,0.7837,OTHER
ERR2057160,0.7373,OTHER
ERR2057161,0.7313,OTHER
ERR2057163,0.8559,OTHER
ERR2057164,0.6924,NORMAL
ERR2057167,0.9012,DEVIANT
ERR2057169,0.8196,OTHER
ERR2057170,0.8036,OTHER
ERR2057172,0.826,OTHER
ERR2057173,0.7077,NORMAL
ERR2057174,0.7561,OTHER
ERR2057175,0.677,NORMAL
ERR2057178,0.7434,OTHER
ERR2057183,0.6227,NORMAL
ERR2057185,0.8242,OTHER
ERR2057191,0.6964,NORMAL
ERR2057194,0.902,DEVIANT
ERR2057195,0.725,NORMAL
ERR2057197,0.9113,DEVIANT
ERR2057199,0.6851,NORMAL
ERR2057200,0.7086,NORMAL
ERR2057204,0.627,NORMAL
ERR2057207,0.6779,NORMAL
ERR2057212,0.7771,OTHER
ERR2057214,0.788,OTHER
ERR2057217,0.8181,OTHER
ERR2057218,0.7862,OTHER
ERR2057220,0.6452,NORMAL
ERR2057222,0.6951,NORMAL
ERR2057223,0.8924,DEVIANT
ERR2057225,0.6704,NORMAL
ERR2057228,0.7048,NORMAL
ERR2091829,0.5232,NORMAL
ERR2091831,0.7468,OTHER
ERR2091833,0.6902,NORMAL
ERR2091842,0.7611,OTHER
ERR2091844,0.6739,NORMAL
ERR2091848,0.6247,NORMAL
ERR2091854,0.6942,NORMAL
ERR2091859,0.846,OTHER
ERR2091863,0.679,NORMAL
ERR2091864,0.7498,OTHER
ERR2091865,0.7272,OTHER
ERR2091866,0.9621,DEVIANT
ERR2091867,0.7256,NORMAL
ERR2091868,0.8,OTHER
ERR2091869,0.7431,OTHER
ERR2091870,0.7521,OTHER
ERR2091871,0.6884,NORMAL
ERR2091875,0.764,OTHER
ERR2091876,0.723,NORMAL
ERR2091877,0.83,OTHER
ERR2091878,0.7206,NORMAL
ERR2091879,0.7881,OTHER
ERR2091880,0.7906,OTHER
ERR2091882,0.7948,OTHER
ERR2091883,0.6601,NORMAL
ERR2091884,0.6172,NORMAL
ERR2091887,0.7467,OTHER
ERR2091890,0.7188,NORMAL
ERR2091892,0.6096,NORMAL
ERR2091894,0.7208,NORMAL
ERR2091895,0.7358,OTHER
ERR2091900,0.5765,NORMAL
ERR2091903,0.7485,OTHER
ERR2091905,0.8796,OTHER
ERR2091908,0.8686,OTHER
ERR2091911,0.589,NORMAL
ERR2091916,0.8178,OTHER
ERR2091918,0.7697,OTHER
ERR2091920,0.6796,NORMAL
ERR2091922,0.6213,NORMAL
ERR2091924,0.7141,NORMAL
ERR2091925,0.708,NORMAL
ERR2091928,0.6632,NORMAL
ERR2091932,0.8449,OTHER
ERR2091934,0.7326,OTHER
ERR2091937,0.6399,NORMAL
ERR2091943,0.8124,OTHER
ERR2091948,0.8204,OTHER
ERR2091957,0.7125,NORMAL
ERR2091964,0.5942,NORMAL
ERR2091965,0.7109,NORMAL
ERR2091967,0.6573,NORMAL
ERR2091968,0.899,DEVIANT
ERR2091969,0.8144,OTHER
ERR2091972,0.727,OTHER
ERR2091974,0.6737,NORMAL
ERR2091975,0.5769,NORMAL
ERR2091979,0.6862,NORMAL
ERR2091981,0.745,OTHER
ERR2091983,0.6772,NORMAL
ERR2091984,0.7746,OTHER
ERR2091987,0.6985,NORMAL
ERR2091989,0.7883,OTHER
ERR2091992,0.6561,NORMAL
ERR2092000,0.5829,NORMAL
ERR2092003,0.715,NORMAL
ERR2092004,0.7084,NORMAL
ERR2092005,0.6688,NORMAL
ERR2092008,0.7872,OTHER
ERR2092010,0.6745,NORMAL
ERR2092014,0.6488,NORMAL
ERR2092015,0.7468,OTHER
ERR2092016,0.7023,NORMAL
ERR2092017,0.7739,OTHER
ERR2092021,0.8282,OTHER
ERR2092022,0.7502,OTHER
ERR2092028,0.8058,OTHER
ERR2092032,0.6632,NORMAL
ERR2092036,0.6578,NORMAL
ERR2092037,0.7177,NORMAL
ERR2092038,0.7024,NORMAL
ERR2092039,0.7041,NORMAL
ERR2092044,0.7281,OTHER
ERR2092048,0.7778,OTHER
ERR2092049,0.7374,OTHER
ERR2092050,0.694,NORMAL
ERR2092052,0.7619,OTHER
ERR2092053,0.6444,NORMAL
ERR2092059,0.6468,NORMAL
ERR2092060,0.8161,OTHER
ERR2092062,0.5935,NORMAL
ERR2092064,0.7817,OTHER
ERR2092066,0.9522,DEVIANT
ERR2092067,0.7217,NORMAL
ERR2092071,0.8913,DEVIANT
ERR2092072,0.6327,NORMAL
ERR2092083,0.689,NORMAL
ERR2092084,0.7729,OTHER
ERR2092090,0.6993,NORMAL
ERR2092091,0.629,NORMAL
ERR2092092,0.7202,NORMAL
ERR2092093,0.8037,OTHER
ERR2092100,0.8303,OTHER
ERR2092101,0.8157,OTHER
ERR2092102,0.566,NORMAL
ERR2092103,0.6663,NORMAL
ERR2092104,0.8505,OTHER
ERR2092108,0.7625,OTHER
ERR2092140,0.6437,NORMAL
ERR2092142,0.8091,OTHER
ERR2092145,0.7721,OTHER
ERR2092152,0.7875,OTHER
ERR2092154,0.821,OTHER
ERR2092161,0.7121,NORMAL
ERR2092162,0.67,NORMAL
ERR2092169,0.6596,NORMAL
ERR2092170,0.8696,OTHER
ERR2092175,0.8158,OTHER
ERR2092178,0.7171,NORMAL
ERR2092183,0.7251,NORMAL
ERR2092191,0.7211,NORMAL
ERR2092197,0.8032,OTHER
ERR2092199,0.7323,OTHER
ERR2092201,0.7969,OTHER
ERR2092208,0.8688,OTHER
ERR2092212,0.7637,OTHER
ERR2092215,0.8034,OTHER
ERR2092222,0.6982,NORMAL
ERR2092225,0.7162,NORMAL
ERR2092242,0.7824,OTHER
ERR2092246,0.6859,NORMAL
ERR2092252,0.6642,NORMAL
ERR2092257,0.8297,OTHER
ERR2092261,0.7315,OTHER
ERR2092264,0.6975,NORMAL
ERR2092268,0.7181,NORMAL
ERR2092271,0.7287,OTHER
ERR2092283,0.8855,OTHER
ERR2092286,0.815,OTHER
ERR2092295,0.88,OTHER
ERR2092299,0.657,NORMAL
ERR2092303,0.6814,NORMAL
ERR2092305,0.7632,OTHER
ERR2092311,0.9448,DEVIANT
ERR2092312,0.7155,NORMAL
ERR2092316,0.6211,NORMAL
ERR2092319,0.6586,NORMAL
ERR2092321,0.7356,OTHER
ERR2092326,0.7958,OTHER
ERR2092330,0.7168,NORMAL
ERR2092334,0.7578,OTHER
ERR2092340,0.655,NORMAL
ERR2092342,0.6538,NORMAL
ERR2092345,0.6363,NORMAL
ERR2092346,0.6514,NORMAL
ERR2092349,0.6916,NORMAL
ERR2092351,0.6426,NORMAL
ERR2092355,0.8329,OTHER
ERR2092357,0.6792,NORMAL
ERR2092359,0.6811,NORMAL
ERR2092360,0.8058,OTHER
ERR2092366,0.5903,NORMAL
ERR2092367,0.6683,NORMAL
ERR2092372,0.7914,OTHER
ERR2092376,0.7225,NORMAL
ERR2092381,0.8202,OTHER
ERR2092386,0.7217,NORMAL
ERR2092396,0.7124,NORMAL
ERR2092400,0.7728,OTHER
ERR2092402,0.8598,OTHER
ERR2092404,0.6068,NORMAL
ERR2092409,0.7059,NORMAL
ERR2092411,0.6693,NORMAL
ERR2092416,0.6975,NORMAL
ERR2092419,0.9152,DEVIANT
ERR2092423,0.7975,OTHER
ERR2092427,0.8044,OTHER
ERR2092429,0.763,OTHER
ERR2092431,0.7734,OTHER
ERR2092434,0.7488,OTHER
ERR2092435,0.9141,DEVIANT
ERR2092438,0.7374,OTHER
ERR2092440,0.7254,NORMAL
ERR2092448,0.7907,OTHER
ERR2092452,0.8527,OTHER
ERR2092458,0.7569,OTHER
ERR2092462,0.7093,NORMAL
ERR2092464,0.8394,OTHER
ERR2092467,0.7103,NORMAL
ERR2092468,0.7513,OTHER
ERR2092469,0.6502,NORMAL
ERR2092474,0.7259,OTHER
ERR2092512,0.6666,NORMAL
ERR2092539,0.583,NORMAL
ERR2092547,0.6996,NORMAL
ERR2092585,0.6895,NORMAL
ERR2092593,0.6618,NORMAL
ERR2092610,0.8955,DEVIANT
ERR2092680,0.6411,NORMAL
ERR2092729,0.7247,NORMAL
ERR2092752,0.7992,OTHER
